date,median_RHOA
2024/04/30 19:00,228.1881248736259
2024/04/30 22:00,228.17110921152937
2024/05/01 00:00,227.8757989969962
2024/05/01 02:00,224.33384364657246
2024/05/01 04:00,224.50693454624457
2024/05/01 06:00,224.9702100069509
2024/05/01 08:00,225.30024512446505
2024/05/01 10:00,224.2782139704085
2024/05/01 12:00,224.02413460925982
2024/05/01 14:00,223.11127502174838
2024/05/01 16:00,223.47600116018117
2024/05/01 18:00,222.97896942410523
2024/05/01 20:00,222.94415377800175
2024/05/01 22:00,222.54399763389807
2024/05/02 00:00,221.89605689204825
2024/05/02 02:00,221.7271033435875
2024/05/02 04:00,221.8923013487995
2024/05/02 06:00,222.1276652986056
2024/05/02 08:00,222.3958618541207
2024/05/02 10:00,222.399271525845
2024/05/02 11:00,222.5624436542646
2024/05/02 12:00,222.76092536922818
2024/05/02 13:00,221.58557868162387
2024/05/02 17:00,221.66887902349083
2024/05/02 19:00,221.82765743380466
2024/05/02 21:00,222.20848260710397
2024/05/02 23:00,222.74513760162063
2024/05/03 01:00,223.19894917302562
2024/05/03 03:00,223.865963219151
2024/05/03 05:00,224.32647102495923
2024/05/03 07:00,224.70906600948337
2024/05/03 09:00,224.75752168958368
2024/05/03 11:00,224.5345514040187
2024/05/03 13:00,223.92790918453215
2024/05/03 17:00,223.74987934088568
2024/05/03 19:00,224.0448961847547
2024/05/03 21:00,224.18991128229408
2024/05/03 23:00,224.89041116740975
2024/05/04 01:00,225.2106957900416
2024/05/04 03:00,225.47855395184104
2024/05/04 05:00,225.9923401370274
2024/05/04 07:00,226.1573916972489
2024/05/04 09:00,226.29066386621736
2024/05/04 11:00,226.0708509454153
2024/05/04 13:00,225.623396786322
2024/05/04 17:00,225.8721289947569
2024/05/04 19:00,225.95238814774382
2024/05/04 21:00,226.29507031758118
2024/05/04 23:00,226.7017824170092
2024/05/05 01:00,227.16916940894714
2024/05/05 03:00,227.70819650114717
2024/05/05 05:00,228.02356070103383
2024/05/05 07:00,228.15527911737306
2024/05/05 09:00,228.4309688333994
2024/05/05 11:00,228.16600861387616
2024/05/05 13:00,227.37061738741778
2024/05/05 17:00,227.33617106193697
2024/05/05 19:00,227.17804507794335
2024/05/05 21:00,227.2779261200539
2024/05/05 23:00,227.40877676059569
2024/05/06 01:00,227.86353109826143
2024/05/06 03:00,228.24312948353264
2024/05/06 05:00,228.21194414419614
2024/05/06 07:00,228.64647535399791
2024/05/06 09:00,229.03640285712362
2024/05/06 11:00,228.83778712511582
2024/05/06 13:00,228.49490064681135
2024/05/06 17:00,228.20844466901156
2024/05/06 19:00,228.58791973343557
2024/05/06 21:00,228.85255638732912
2024/05/06 23:00,228.97043336023535
2024/05/07 01:00,229.38648818667025
2024/05/07 03:00,229.66191301138127
2024/05/07 05:00,229.79779073923532
2024/05/07 07:00,230.7809770854309
2024/05/07 09:00,231.01456477609892
2024/05/07 11:00,230.87166902674718
2024/05/07 13:00,230.8883749664763
2024/05/07 17:00,231.26274120918387
2024/05/07 21:00,231.60124392599963
2024/05/07 23:00,231.8004333586028
2024/05/08 01:00,232.433643620853
2024/05/08 03:00,232.69432344947683
2024/05/08 05:00,233.13212361349468
2024/05/08 07:00,233.3310210390321
2024/05/08 09:00,233.77751814302923
2024/05/08 11:00,234.20472310249403
2024/05/08 13:00,234.10455987843915
2024/05/08 17:00,234.4758662827274
2024/05/08 19:00,234.63749418173285
2024/05/08 21:00,234.8774939440474
2024/05/08 23:00,235.33697089656584
2024/05/09 01:00,235.5665278703955
2024/05/09 03:00,236.0580666903429
2024/05/09 05:00,235.8988448202192
2024/05/09 09:00,237.03990139353397
2024/05/09 11:00,237.07565765703782
2024/05/09 13:00,236.68601424701
2024/05/09 17:00,237.422494467109
2024/05/09 19:00,237.63074011694889
2024/05/09 21:00,237.95991248722817
2024/05/09 23:00,238.32393000301036
2024/05/10 01:00,238.79262236703389
2024/05/10 03:00,239.27045682293408
2024/05/10 05:00,239.8377514322424
2024/05/10 07:00,239.8245939932268
2024/05/10 09:00,239.9693641463701
2024/05/10 11:00,240.27170397490067
2024/05/10 13:00,240.38942549118542
2024/05/10 17:00,240.56442401433077
2024/05/10 19:00,240.98892406883243
2024/05/10 21:00,241.30011131851143
2024/05/10 23:00,241.4071294734968
2024/05/11 01:00,241.44729405694648
2024/05/11 03:00,242.0656400525487
2024/05/11 05:00,242.7745491046897
2024/05/11 07:00,242.76169525980643
2024/05/11 09:00,242.79932754992222
2024/05/11 11:00,243.6690796113763
2024/05/11 13:00,243.2925361352353
2024/05/11 17:00,244.13889658740297
2024/05/11 19:00,244.2534260629036
2024/05/11 21:00,245.03722579024583
2024/05/11 23:00,244.86378562896613
2024/05/12 01:00,245.30654865865475
2024/05/12 03:00,245.91635897581838
2024/05/12 05:00,246.06264111832093
2024/05/12 07:00,246.569668693245
2024/05/12 09:00,247.01422442073226
2024/05/12 11:00,247.69020319262347
2024/05/12 13:00,247.57478303705955
2024/05/12 17:00,247.90469911551753
2024/05/12 19:00,248.2514121079741
2024/05/12 21:00,248.2967807654935
2024/05/12 23:00,248.4201422657565
2024/05/13 01:00,248.70433289120953
2024/05/13 03:00,248.9110515185834
2024/05/13 05:00,249.411796581863
2024/05/13 07:00,249.48507997686715
2024/05/13 09:00,249.92531037483923
2024/05/13 11:00,250.9927514921532
2024/05/13 13:00,251.4767974551875
2024/05/13 17:00,252.12501458423313
2024/05/13 19:00,252.2831801038031
2024/05/13 21:00,253.01864795301395
2024/05/13 23:00,253.0758173541561
2024/05/14 01:00,253.56552775231282
2024/05/14 03:00,254.4924094998163
2024/05/14 05:00,254.87475964220494
2024/05/14 07:00,254.92039690879483
2024/05/14 09:00,255.53799516820197
2024/05/14 11:00,255.93243825302142
2024/05/14 13:00,256.42853436393153
2024/05/14 17:00,256.9734802391032
2024/05/14 19:00,257.0301308385805
2024/05/14 21:00,257.6100832026124
2024/05/14 23:00,258.072660199942
2024/05/15 01:00,258.15836576423726
2024/05/15 03:00,258.7545919391091
2024/05/15 05:00,259.4017795224559
2024/05/15 07:00,259.2432730334201
2024/05/15 09:00,260.05611518681064
2024/05/15 11:00,245.07825063998047
2024/05/15 13:00,243.01645959343472
2024/05/15 17:00,243.01468165995186
2024/05/15 19:00,243.50395741202033
2024/05/15 21:00,243.67206704058373
2024/05/15 23:00,244.02531175331103
2024/05/16 01:00,244.1333843822523
2024/05/16 03:00,245.31453623050308
2024/05/16 05:00,245.6297837891151
2024/05/16 07:00,245.70080338722963
2024/05/16 09:00,245.9009541352429
2024/05/16 11:00,246.20355860135248
2024/05/16 13:00,246.39138738997653
2024/05/16 17:00,247.05353152753105
2024/05/16 19:00,247.16793481196947
2024/05/16 21:00,247.8310363551064
2024/05/16 23:00,248.38825009536924
2024/05/17 01:00,248.2178681849087
2024/05/17 03:00,248.53815927401894
2024/05/17 05:00,248.624104872381
2024/05/17 07:00,249.080164159128
2024/05/17 09:00,249.52936707912735
2024/05/17 11:00,249.85629934970848
2024/05/17 13:00,250.15811801203327
2024/05/17 19:00,250.5921349377374
2024/05/17 21:00,250.94017469622344
2024/05/17 23:00,251.34739112997642
2024/05/18 01:00,252.0933628836969
2024/05/18 03:00,252.27428350551725
2024/05/18 11:00,253.46522365052658
2024/05/18 13:00,254.50294117144563
2024/05/18 19:00,254.87903703101534
2024/05/18 21:00,254.8960981351313
2024/05/18 23:00,255.40858745442017
2024/05/19 01:00,255.41127755093027
2024/05/19 03:00,255.76441633669975
2024/05/19 11:00,257.1654733834124
2024/05/19 13:00,257.1186789689624
2024/05/19 19:00,258.3581140110103
2024/05/19 21:00,258.3047497287488
2024/05/19 23:00,257.9637250961488
2024/05/20 01:00,258.5463405802797
2024/05/20 03:00,258.7959535665089
2024/05/20 11:00,260.1233783532879
2024/05/20 13:00,260.4050321744048
2024/05/20 19:00,260.7233858523875
2024/05/20 21:00,260.5538574414219
2024/05/20 23:00,260.53487111838103
2024/05/21 01:00,260.8337029389296
2024/05/21 03:00,260.9322339900795
2024/05/21 11:00,262.0079170786033
2024/05/21 13:00,261.96945159420636
2024/05/21 19:00,262.48327691068755
2024/05/21 21:00,263.30290033581616
2024/05/21 23:00,262.70029605582977
2024/05/22 01:00,262.49934697352677
2024/05/22 03:00,263.2401313459199
2024/05/22 11:00,264.2516402942961
2024/05/22 13:00,264.9979569359989
2024/05/22 19:00,265.42057790550075
2024/05/22 21:00,265.63095830193737
2024/05/22 23:00,265.8560214071043
2024/05/23 01:00,266.0808305154279
2024/05/23 03:00,265.9015484589321
2024/05/23 11:00,267.8299357819785
2024/05/23 13:00,268.10716028489173
2024/05/23 15:00,267.8855110917391
2024/05/23 17:00,268.0637588794631
2024/05/23 19:00,268.20790332203285
2024/05/23 21:00,268.8968838549968
2024/05/23 23:00,268.57785665819983
2024/05/24 01:00,268.90853975107893
2024/05/24 03:00,267.5575371406391
2024/05/24 05:00,269.69323536187886
2024/05/24 07:00,269.8935843352473
2024/05/24 09:00,269.1085661590513
2024/05/24 11:00,269.53361280163875
2024/05/24 13:00,269.8196759952572
2024/05/24 15:00,270.2130174201027
2024/05/24 17:00,269.19081835383093
2024/05/24 19:00,269.56321082484936
2024/05/24 21:00,270.1281083517497
2024/05/24 23:00,269.3850612353466
2024/05/25 01:00,269.8849901190854
2024/05/25 03:00,267.28073022357046
2024/05/25 05:00,270.5694089610788
2024/05/25 07:00,270.6286929997005
2024/05/25 09:00,270.8245268071937
2024/05/25 11:00,271.9190557060316
2024/05/25 13:00,272.4383251737164
2024/05/25 15:00,272.31824124537206
2024/05/25 17:00,272.2545107894048
2024/05/25 19:00,272.54014878131164
2024/05/25 21:00,272.32247481900254
2024/05/25 23:00,272.5599472568946
2024/05/26 01:00,272.9907806411602
2024/05/26 03:00,273.37930991167855
2024/05/26 05:00,273.4012494323164
2024/05/26 07:00,272.96492887682723
2024/05/26 09:00,273.1156431902049
2024/05/26 11:00,274.2474057353019
2024/05/26 13:00,273.8199217777863
2024/05/26 15:00,273.85768679116205
2024/05/26 17:00,274.0715267457929
2024/05/26 19:00,274.6053942618116
2024/05/26 21:00,274.5330576722647
2024/05/26 23:00,274.17258013499566
2024/05/27 01:00,274.7917323497887
2024/05/27 03:00,274.83140903818025
2024/05/27 05:00,274.66041856185143
2024/05/27 07:00,275.6691100907442
2024/05/27 09:00,275.8016072438264
2024/05/27 11:00,276.6186940757943
2024/05/27 13:00,275.1881461518386
2024/05/27 15:00,275.28478109214996
2024/05/27 17:00,275.61132953306753
2024/05/27 19:00,275.8415494110073
2024/05/27 21:00,275.41873555866437
2024/05/27 23:00,275.52332672090233
2024/05/28 01:00,275.58147793049756
2024/05/28 03:00,276.02930794733805
2024/05/28 05:00,275.791689933375
2024/05/28 07:00,265.7974968813046
2024/06/20 11:00,218.79964029495886
2024/06/21 13:00,220.91820655865064
2024/06/21 17:00,218.8844090526294
2024/06/21 19:00,219.40530123066748
2024/06/21 21:00,219.5623057661466
2024/06/21 23:00,219.72060830622013
2024/06/22 01:00,220.6065685863039
2024/06/22 03:00,220.23570492526738
2024/06/22 05:00,220.33596175695203
2024/06/22 09:00,221.23663942195208
2024/06/22 11:00,221.1596967144859
2024/06/22 13:00,219.84807430055918
2024/06/22 15:00,221.38128508029328
2024/06/22 17:00,221.69950239313897
2024/06/22 19:00,221.5672612304395
2024/06/22 21:00,221.83153723151753
2024/06/22 23:00,222.0973117915165
2024/06/23 01:00,222.03277416672972
2024/06/23 03:00,222.49724406265938
2024/06/23 07:00,222.20302472793895
2024/06/23 09:00,222.4521663919107
2024/06/23 11:00,222.05089821489904
2024/06/23 13:00,222.58696843529356
2024/06/23 15:00,222.64387524656178
2024/06/23 17:00,223.23493785794062
2024/06/23 19:00,223.345167008104
2024/06/23 21:00,223.4986400277773
2024/06/23 23:00,223.63063869495744
2024/06/24 01:00,225.68585377642825
2024/06/24 03:00,225.81595968449903
2024/06/24 05:00,226.28011389968125
2024/06/24 07:00,226.697305519778
2024/06/24 09:00,227.28636334466074
2024/06/24 11:00,226.95937706866906
2024/06/24 13:00,227.31078535079166
2024/06/24 15:00,227.754030004279
2024/06/24 17:00,222.36275583065384
2024/06/24 21:00,224.50124054896713
2024/06/24 23:00,224.76364998319582
2024/06/25 01:00,224.89708368138622
2024/06/25 03:00,225.0809623706364
2024/06/25 05:00,225.79890909662623
2024/06/25 07:00,225.66432479561968
2024/06/25 09:00,226.35141976018446
2024/06/25 11:00,226.68338876991726
2024/06/25 13:00,226.79715654790382
2024/06/25 15:00,226.0462197531709
2024/06/25 17:00,224.50010137493845
2024/06/25 19:00,224.15826872856348
2024/06/25 21:00,224.99028987511747
2024/06/25 23:00,224.42906755557675
2024/06/26 01:00,224.94654946960105
2024/06/26 03:00,225.1426839119086
2024/06/26 07:00,225.60557191451483
2024/06/26 09:00,225.78312165993788
2024/06/26 11:00,226.44838206803928
2024/06/26 13:00,226.67880749382064
2024/06/26 15:00,226.95146513183244
2024/06/26 17:00,226.9859236196045
2024/06/26 19:00,227.10502824146158
2024/06/26 21:00,227.28230226477854
2024/06/26 23:00,227.4137646139515
2024/06/27 01:00,227.68781645847895
2024/06/27 03:00,228.2391290556864
2024/06/27 05:00,228.407342838932
2024/06/27 07:00,228.67129980830845
2024/06/27 09:00,229.59650006863728
2024/06/27 11:00,229.58641802344707
2024/06/27 13:00,229.72557497594272
2024/06/27 15:00,229.96299459613164
2024/06/27 17:00,230.10131091863798
2024/06/27 19:00,229.9891434179118
2024/06/27 21:00,229.65230456214337
2024/06/27 23:00,230.2525734902284
2024/06/28 01:00,230.37282667881658
2024/06/28 03:00,230.9731699585537
2024/06/28 05:00,231.1488935575602
2024/06/28 09:00,232.35898756945085
2024/06/28 11:00,232.36647532381886
2024/06/28 13:00,232.73796408273213
2024/06/28 15:00,232.78514405066247
2024/06/28 17:00,232.63868590464492
2024/06/28 19:00,233.17178609358422
2024/06/28 21:00,233.07073887131259
2024/06/28 23:00,233.6285232378403
2024/06/29 01:00,233.5579014908128
2024/06/29 03:00,233.858270372501
2024/06/29 05:00,234.00374493677242
2024/06/29 07:00,234.62789904091147
2024/06/29 09:00,235.4042211345719
2024/06/29 11:00,235.94723535633864
2024/06/29 13:00,235.90214852148756
2024/06/29 15:00,237.19504966207722
2024/06/29 17:00,237.09569773393932
2024/06/29 19:00,237.34107621996586
2024/06/29 21:00,236.96340064260409
2024/06/29 23:00,237.43434368044046
2024/06/30 01:00,238.31359628526758
2024/06/30 03:00,239.03192357110134
2024/06/30 05:00,238.38748364521473
2024/06/30 07:00,239.29499982199675
2024/06/30 09:00,239.9334881339504
2024/06/30 11:00,239.77658476779203
2024/06/30 13:00,240.97986075735926
2024/06/30 15:00,241.60539292894703
2024/06/30 17:00,241.59291240553853
2024/06/30 19:00,241.43166495757546
2024/06/30 21:00,241.75549008473587
2024/06/30 23:00,242.35277561913128
2024/07/01 01:00,242.48230887880337
2024/07/01 03:00,241.98559767776572
2024/07/01 05:00,243.0658391958666
2024/07/01 07:00,243.5098060979926
2024/07/01 09:00,243.92704304628654
2024/07/01 11:00,244.2749810475064
2024/07/01 13:00,243.79099200458592
2024/07/01 15:00,243.11115414892149
2024/07/01 17:00,243.39765019436584
2024/07/01 19:00,236.88207161418475
2024/07/01 21:00,242.37528865684507
2024/07/01 23:00,243.29033994893706
2024/07/02 01:00,243.42057022661044
2024/07/02 03:00,243.81455480545304
2024/07/02 05:00,243.86506385773276
2024/07/02 07:00,243.79737043805744
2024/07/02 09:00,235.73496953073834
2024/07/02 11:00,223.12950131878142
2024/07/02 13:00,218.54587358413988
2024/07/02 15:00,216.1436763327992
2024/07/02 17:00,215.17140903153768
2024/07/02 19:00,213.98565225805393
2024/07/02 21:00,215.5790144659765
2024/07/02 23:00,216.71923160903538
2024/07/03 01:00,217.44335224981728
2024/07/03 03:00,218.53149193056203
2024/07/03 05:00,218.68491732419278
2024/07/03 07:00,219.15573312144608
2024/07/03 09:00,214.70704933218468
2024/07/03 11:00,210.3685227453305
2024/07/03 13:00,207.97769084724638
2024/07/03 15:00,207.28889050625236
2024/07/03 17:00,207.669614850482
2024/07/03 19:00,207.28006834240327
2024/07/03 21:00,206.98630477700658
2024/07/03 23:00,206.96571538048676
2024/07/04 01:00,207.4049697283568
2024/07/04 03:00,208.55143724548796
2024/07/04 05:00,208.62949092079847
2024/07/04 07:00,208.80587470075972
2024/07/04 09:00,206.6528274187442
2024/07/04 11:00,205.48212091314645
2024/07/04 13:00,204.28625606831946
2024/07/04 17:00,203.22398729985892
2024/07/04 19:00,202.57472013447727
2024/07/04 21:00,202.01201489753348
2024/07/04 23:00,201.94334490956078
2024/07/05 01:00,201.86033784985767
2024/07/05 05:00,201.87004702712653
2024/07/05 07:00,201.883014100844
2024/07/05 09:00,200.79583021127456
2024/07/05 11:00,195.90998573338067
2024/07/05 13:00,196.4196000479514
2024/07/05 15:00,201.39352695141224
2024/07/05 17:00,196.63237353885262
2024/07/05 19:00,200.36784361039685
2024/07/05 21:00,199.7266851362931
2024/07/05 23:00,201.61887250231524
2024/07/06 03:00,203.60896128048438
2024/07/06 05:00,204.31343549257522
2024/07/06 07:00,204.86795377927544
2024/07/06 09:00,205.57338036482378
2024/07/06 11:00,206.09380912369932
2024/07/06 13:00,206.8120410137555
2024/07/06 15:00,205.7792426484157
2024/07/06 17:00,204.17771270248807
2024/07/06 19:00,202.46354542024397
2024/07/06 21:00,203.0366312910606
2024/07/07 01:00,198.8481742759004
2024/07/07 03:00,196.62329385805143
2024/07/07 05:00,197.70649322800364
2024/07/07 07:00,199.38651393694158
2024/07/07 09:00,200.26802960769464
2024/07/07 11:00,201.12759112856145
2024/07/07 13:00,201.3032404303027
2024/07/07 15:00,199.60810832581396
2024/07/07 17:00,198.96938603642676
2024/07/07 19:00,199.67037210067951
2024/07/07 21:00,200.4452405913937
2024/07/07 23:00,201.07626742492508
2024/07/08 01:00,202.22165338581573
2024/07/08 03:00,202.80839110693654
2024/07/08 05:00,203.24591423693818
2024/07/08 07:00,203.77946051302175
2024/07/08 09:00,204.21527937928653
2024/07/08 11:00,204.79790287735347
2024/07/08 15:00,205.69707132029538
2024/07/08 17:00,206.08070162796866
2024/07/08 19:00,205.75379724583888
2024/07/08 21:00,206.44595463354256
2024/07/08 23:00,207.13155036289385
2024/07/09 01:00,207.31332600943807
2024/07/09 03:00,207.73611710784945
2024/07/09 05:00,209.24368054313317
2024/07/09 07:00,208.97853556468607
2024/07/09 09:00,211.10079300771278
2024/07/09 11:00,211.06409504032433
2024/07/09 13:00,212.1119047103457
2024/07/09 17:00,213.08577143892438
2024/07/09 19:00,211.2156372797912
2024/07/09 21:00,211.39246116418997
2024/07/09 23:00,213.76561800723533
2024/07/10 01:00,213.53149185907625
2024/07/10 03:00,214.19354718723957
2024/07/10 05:00,214.82060038978983
2024/07/10 07:00,215.13663951299276
2024/07/10 09:00,214.08524400409175
2024/07/10 11:00,216.13140618752712
2024/07/10 13:00,216.43680881997938
2024/07/10 15:00,216.5246639250301
2024/07/10 17:00,214.5971788172613
2024/07/10 19:00,215.09191202334114
2024/07/10 21:00,215.1020167356181
2024/07/10 23:00,215.47565434726505
2024/07/11 01:00,216.11798803395902
2024/07/11 03:00,216.3729752798829
2024/07/11 05:00,216.52355602936544
2024/07/11 07:00,216.5354790894392
2024/07/11 09:00,216.96956822362353
2024/07/11 11:00,217.2494596600318
2024/07/11 13:00,217.3837639088852
2024/07/11 15:00,217.41201570279335
2024/07/11 17:00,217.1953617337421
2024/07/11 19:00,218.05199210541878
2024/07/11 21:00,218.54541016874379
2024/07/11 23:00,218.4317478904085
2024/07/12 01:00,218.4456595218721
2024/07/12 03:00,219.0242261580193
2024/07/12 05:00,219.41571804155717
2024/07/12 07:00,219.6285326813006
2024/07/12 09:00,220.16513827841152
2024/07/12 11:00,220.60917306771915
2024/07/12 13:00,220.51127094309064
2024/07/12 15:00,220.9966962719546
2024/07/12 17:00,221.4488852761603
2024/07/12 19:00,221.92364174917446
2024/07/12 21:00,221.81153288393756
2024/07/12 23:00,221.68589636666638
2024/07/13 01:00,221.85600066403904
2024/07/13 03:00,222.54948785286842
2024/07/13 05:00,222.47843520490278
2024/07/13 07:00,223.27184905050947
2024/07/13 09:00,223.8785517595207
2024/07/13 11:00,224.2597272853825
2024/07/13 13:00,224.2992179122308
2024/07/13 15:00,223.4307408319434
2024/07/13 17:00,222.91606482046743
2024/07/13 19:00,223.1813409569432
2024/07/13 21:00,225.4778582545623
2024/07/13 23:00,224.38920122620505
2024/07/14 01:00,225.1511995105462
2024/07/14 03:00,226.2658144849272
2024/07/14 05:00,227.13587381565657
2024/07/14 07:00,227.34249207589778
2024/07/14 09:00,228.30651328397641
2024/07/14 13:00,229.09338415666707
2024/07/14 15:00,229.9150151737257
2024/07/14 17:00,230.05605631981766
2024/07/14 19:00,229.7844252677306
2024/07/14 21:00,229.82081093655484
2024/07/14 23:00,230.0185129876309
2024/07/15 01:00,230.30585206374394
2024/07/15 03:00,231.06710132017355
2024/07/15 05:00,231.05776656245425
2024/07/15 09:00,232.2770751120997
2024/07/15 11:00,232.08113452504864
2024/07/15 13:00,230.7279093524721
2024/07/15 15:00,230.156851509679
2024/07/15 17:00,231.14694556385427
2024/07/15 19:00,232.009885627247
2024/07/15 21:00,232.2292325724297
2024/07/15 23:00,231.09946940301194
2024/09/28 01:00,207.4869935977146
2024/09/28 03:00,207.61688824960902
2024/09/28 05:00,208.32173358759962
2024/09/28 07:00,208.4780275709542
2024/09/28 09:00,208.84406814839724
2024/09/28 11:00,209.19004099112027
2024/09/28 13:00,209.03171608907638
2024/09/28 17:00,210.3308194232073
2024/09/28 19:00,210.92913170778638
2024/09/28 21:00,211.47793836414803
2024/09/28 23:00,211.57964504828823
2024/09/29 01:00,212.22175252072424
2024/09/29 03:00,212.5841295007676
2024/09/29 05:00,213.10545795461255
2024/09/29 07:00,213.20565877206363
2024/09/29 09:00,213.2925687892822
2024/09/29 15:00,212.18433007174994
2024/09/29 17:00,212.27279928205263
2024/09/29 19:00,212.43970210353586
2024/09/29 21:00,212.75871434915635
2024/09/29 23:00,212.89034244856808
2024/09/30 01:00,213.24861436865683
2024/09/30 03:00,213.6760937445457
2024/09/30 05:00,214.15181824824666
2024/09/30 07:00,214.83640131311012
2024/09/30 09:00,215.28733884019417
2024/09/30 13:00,215.71202397963955
2024/09/30 15:00,215.29328606460987
2024/09/30 17:00,215.2677822595909
2024/09/30 19:00,215.56616755119884
2024/09/30 21:00,215.7614490538082
2024/10/01 01:00,216.38184771700296
2024/10/01 03:00,216.94262165688338
2024/10/01 07:00,217.69311905247042
2024/10/01 09:00,218.25275892643558
2024/10/01 13:00,218.15174240931765
2024/10/01 15:00,218.45250732252327
2024/10/01 17:00,218.50015794819706
2024/10/01 19:00,218.66531160002341
2024/10/01 21:00,218.85404843131005
2024/10/01 23:00,219.28212905668943
2024/10/02 01:00,218.52334171232565
2024/10/02 03:00,219.1331163688944
2024/10/02 05:00,219.14321501836258
2024/10/02 07:00,219.6318634788753
2024/10/02 09:00,220.30877127618592
2024/10/02 11:00,220.53476660486342
2024/10/02 17:00,221.0113521614124
2024/10/02 19:00,221.6550664806002
2024/10/02 23:00,222.73938006758243
2024/10/03 01:00,222.85884574189654
2024/10/03 03:00,223.3617243546102
2024/10/03 05:00,223.69477662160745
2024/10/03 07:00,224.17829729656438
2024/10/03 09:00,224.5102250689099
2024/10/03 11:00,224.72598267935462
2024/10/03 13:00,224.89902942895353
2024/10/03 15:00,225.5705279616319
2024/10/03 17:00,225.86577240994131
2024/10/03 21:00,227.15229923445878
2024/10/03 23:00,227.1166528800408
2024/10/04 01:00,227.77611952050574
2024/10/04 03:00,228.32564472655793
2024/10/04 05:00,228.84292913038766
2024/10/04 07:00,229.42901860530316
2024/10/04 09:00,229.92699382660675
2024/10/04 11:00,229.48179228537103
2024/10/04 15:00,229.5422707519582
2024/10/04 17:00,229.47672784174063
2024/10/04 19:00,230.17529714196294
2024/10/04 21:00,230.76297451467357
2024/10/04 23:00,230.77682520557093
2024/10/05 01:00,230.89496595445513
2024/10/05 05:00,232.0037463481852
2024/10/05 07:00,232.0591566853149
2024/10/05 09:00,232.82226411597588
2024/10/05 11:00,233.7449738579417
2024/10/05 13:00,233.32413698299837
2024/10/05 15:00,233.13243709900803
2024/10/05 17:00,232.79903785385164
2024/10/05 19:00,233.42069619835456
2024/10/05 21:00,233.39816998265593
2024/10/05 23:00,233.92440998984085
2024/10/06 01:00,234.5868723802026
2024/10/06 05:00,234.63092721214537
2024/10/06 07:00,235.3428567723692
2024/10/06 09:00,236.6602239682176
2024/10/06 11:00,236.82107201197874
2024/10/06 15:00,235.9272234440691
2024/10/06 17:00,235.82758480867705
2024/10/06 19:00,236.3791980989676
2024/10/06 21:00,236.542939109119
2024/10/07 01:00,237.59747181698708
2024/10/07 03:00,237.34454849983666
2024/10/07 05:00,237.7922838033437
2024/10/07 07:00,238.40783482083816
2024/10/07 09:00,239.5314131380916
2024/10/07 11:00,240.51248776230977
2024/10/07 13:00,240.20102571727278
2024/10/07 15:00,238.74353354343813
2024/10/07 17:00,239.52974763419513
2024/10/07 19:00,239.68308074485856
2024/10/07 21:00,239.6999666397251
2024/10/07 23:00,239.67202829521094
2024/10/08 01:00,240.7034827342358
2024/10/08 03:00,240.07986541811178
2024/10/08 05:00,240.66497847021265
2024/10/08 07:00,241.27522635231497
2024/10/08 09:00,242.56805334391197
2024/10/08 11:00,243.74006144633438
2024/10/08 13:00,243.14728983303496
2024/10/08 15:00,242.5304082149441
2024/10/08 19:00,242.99239169587048
2024/10/08 21:00,243.38743831829345
2024/10/08 23:00,243.86501650821486
2024/10/17 11:00,268.37156456164325
2024/10/17 13:00,269.0805049300288
2024/10/17 15:00,266.671086377722
2024/10/17 17:00,266.0198902826592
2024/10/17 19:00,265.64658425366406
2024/10/17 21:00,265.55264227687064
2024/10/17 23:00,265.7870551260373
2024/10/18 01:00,265.88899096724424
2024/10/18 03:00,265.8810670401761
2024/10/18 05:00,266.2554365764248
2024/10/18 07:00,266.2980223278021
2024/10/18 09:00,265.80451569380784
2024/10/18 11:00,269.529523283049
2024/10/18 13:00,268.3610129198553
2024/10/18 15:00,264.1982743544125
2024/10/18 17:00,262.8352948564678
2024/10/18 19:00,262.59872036115536
2024/10/18 21:00,264.90727593312374
2024/10/18 23:00,264.72991014398224
2024/10/19 01:00,265.26870156439304
2024/10/19 03:00,264.46556072359374
2024/10/19 05:00,264.70144915910055
2024/10/19 07:00,266.4472873505213
2024/10/20 21:00,260.4888256745043
2024/10/20 23:00,260.84227087726515
2024/10/21 03:00,264.9658807942076
2024/10/21 05:00,265.8099011520969
2024/10/21 07:00,267.71177255823
2024/10/21 09:00,269.01316180946327
2024/10/21 11:00,266.8247899984661
2024/10/21 13:00,265.92258581637844
2024/10/21 15:00,263.69250384880644
2024/10/21 17:00,261.3931908792738
2024/10/21 19:00,260.175357659071
2024/10/21 21:00,262.29569045850087
2024/10/21 23:00,264.3995632612747
2024/10/22 01:00,266.2239186780396
2024/10/22 03:00,265.6815180394648
2024/10/22 05:00,266.9991771340377
2024/10/22 07:00,268.2365868613203
2024/10/22 09:00,270.46018131363576
2024/10/22 11:00,270.52815022965206
2024/10/22 13:00,270.0329692878419
2024/10/22 15:00,268.4252946095852
2024/10/22 17:00,267.33285102000343
2024/10/22 19:00,265.7745814789058
2024/10/22 21:00,268.0161105021361
2024/10/22 23:00,267.8778674026859
2024/10/23 01:00,268.4189073247395
2024/10/23 03:00,268.99752175193925
2024/10/23 05:00,269.5512684356277
2024/10/23 07:00,270.6722260039646
2024/10/23 09:00,272.23478481256944
2024/10/23 11:00,272.9626249994461
2024/10/23 13:00,272.21311633258676
2024/10/23 15:00,270.90983132691156
2024/10/23 17:00,270.8330465229891
2024/10/23 19:00,270.6197021913788
2024/10/23 21:00,270.83917671443487
2024/10/23 23:00,270.1831336937021
2024/10/24 01:00,269.58653387655494
2024/10/24 03:00,271.6561263094187
2024/10/24 05:00,271.25843403130966
2024/10/24 07:00,273.83937164820344
2024/10/24 09:00,275.8845564984398
2024/10/24 11:00,275.5792662291028
2024/10/24 13:00,274.2371172830253
2024/10/24 15:00,272.9302835697372
2024/10/24 17:00,271.09455979014683
2024/10/24 19:00,271.07704709257644
2024/10/24 21:00,270.76738754856626
2024/10/24 23:00,272.324074326394
2024/10/25 01:00,273.64467380977317
2024/10/25 03:00,274.1458765871384
2024/10/25 05:00,272.43085661721295
2024/10/25 07:00,274.28138931138733
2024/10/25 09:00,276.48941816194497
2024/10/25 11:00,277.9065038742817
2024/10/25 13:00,276.23258622017454
2024/10/25 15:00,274.33250420011746
2024/10/25 17:00,272.1652045305139
2024/10/25 19:00,273.46825198209785
2024/10/25 21:00,273.32401328242946
2024/10/25 23:00,271.4536091297298
2024/10/26 01:00,271.7085799210952
2024/10/26 03:00,272.3415705195285
2024/10/26 05:00,272.56695304241225
2024/10/26 07:00,273.8129646655865
2024/10/26 09:00,275.26664597814636
2024/10/26 11:00,275.32904229173846
2024/10/26 13:00,276.8184213380129
2024/10/26 15:00,273.4160385540014
2024/10/26 17:00,272.7551960414196
2024/10/26 19:00,273.10717370849966
2024/10/26 21:00,272.95936460057965
2024/10/26 23:00,272.88578785544064
2024/10/27 01:00,272.76595193227945
2024/10/27 03:00,273.80501548727034
2024/10/27 05:00,275.5546085334271
2024/10/27 07:00,274.93411491104143
2024/10/27 09:00,277.44063501819653
2024/10/27 11:00,277.87539320805615
2024/10/27 13:00,276.62531808158144
2024/10/27 15:00,276.39482397158974
2024/10/27 17:00,276.09624876623747
2024/10/27 19:00,275.95955055411764
2024/10/27 21:00,276.42364530806316
2024/10/27 23:00,276.6659000787985
2024/10/28 01:00,276.92095185922267
2024/10/28 03:00,276.9028053273676
2024/10/28 05:00,276.70371414277025
2024/10/28 07:00,276.1571867695702
2024/10/28 09:00,277.6675553016951
2024/10/28 11:00,278.63808455446133
2024/10/28 13:00,278.7241297962495
2024/10/28 15:00,278.8479033240144
2024/10/28 17:00,278.3720419235358
2024/10/28 19:00,278.11253990055235
2024/10/28 21:00,278.7139308182142
2024/10/28 23:00,278.6626559523208
2024/10/29 01:00,279.01515529983783
2024/10/29 03:00,279.7457920323897
2024/10/29 05:00,279.54781791694177
2024/10/29 07:00,280.65470888416576
2024/10/29 09:00,281.34036335325663
2024/10/29 11:00,282.85502747702844
2024/10/29 13:00,281.29367770794227
2024/10/29 15:00,279.78974564597763
2024/10/29 17:00,277.73757398227895
2024/10/29 19:00,275.3470483917441
2024/10/29 21:00,276.5349085411859
2024/10/29 23:00,277.9435929585984
2024/10/30 01:00,279.38042390755845
2024/10/30 05:00,280.709122028906
2024/10/30 07:00,280.94492458960383
2024/10/30 09:00,279.981769659474
2024/10/30 11:00,283.1266986435394
2024/10/30 13:00,283.15242152065343
2024/10/30 15:00,281.4357098861551
2024/10/30 17:00,280.6208023291217
2024/10/30 19:00,278.72276333514094
2024/10/30 21:00,278.75727477274256
2024/10/30 23:00,280.2372371636577
2024/10/31 01:00,281.0226617893477
2024/10/31 03:00,281.4927326001182
2024/10/31 05:00,281.88025015667154
2024/10/31 07:00,281.65635224973573
2024/10/31 09:00,281.5081638444133
2024/10/31 11:00,278.2881150335988
2024/10/31 13:00,280.47687619709916
2024/10/31 15:00,280.2506374941466
2024/10/31 17:00,276.24810742320324
2024/10/31 19:00,256.39325739840785
2024/10/31 21:00,240.9646004428873
2024/10/31 23:00,236.27735039217072
2024/11/01 03:00,235.60189950340333
2024/11/01 07:00,237.30601782485314
2024/11/01 09:00,236.75757525836832
2024/11/01 11:00,236.83192972475945
2024/11/01 17:00,236.81173174476243
2024/11/01 19:00,236.50075773924584
2024/11/01 21:00,236.22477079603635
2024/11/01 23:00,236.5179360746342
2024/11/02 01:00,235.97435964968082
2024/11/02 05:00,236.9839096672439
2024/11/02 07:00,237.02257664008292
2024/11/02 09:00,236.64149235400356
2024/11/02 11:00,235.9184790878201
2024/11/02 13:00,235.13299852907784
2024/11/02 15:00,235.0545815146918
2024/11/02 17:00,234.67530413600952
2024/11/02 19:00,235.16452414164394
2024/11/02 21:00,235.40199054219545
2024/11/02 23:00,236.17963525980048
2024/11/03 01:00,235.9365448427103
2024/11/03 03:00,236.1943017690989
2024/11/03 05:00,236.41576688239704
2024/11/03 07:00,236.80233100964657
2024/11/03 09:00,236.06404412333524
2024/11/03 11:00,235.54991753657464
2024/11/03 13:00,235.03117895781872
2024/11/03 15:00,235.1506747222075
2024/11/03 17:00,235.40960626779193
2024/11/03 19:00,235.66992047044516
2024/11/03 21:00,235.88004613163957
2024/11/03 23:00,236.53693881668576
2024/11/04 01:00,236.4271183116095
2024/11/04 03:00,236.97283632565737
2024/11/04 05:00,237.1338678067302
2024/11/04 07:00,237.1108478285616
2024/11/04 09:00,237.34819415053184
2024/11/04 11:00,236.32970614711255
2024/11/04 13:00,236.15213322391912
2024/11/04 15:00,235.85153988216388
2024/11/04 17:00,236.25156895758346
2024/11/04 19:00,236.90088824139644
2024/11/04 21:00,236.9576277934641
2024/11/04 23:00,237.38697848879644
2024/11/05 01:00,237.66141298037883
2024/11/05 03:00,238.0311413328135
2024/11/05 05:00,238.3745391713053
2024/11/05 07:00,238.75894441414414
2024/11/05 09:00,238.62577699130554
2024/11/05 11:00,240.799108810064
2024/11/05 13:00,238.8015934066072
2024/11/05 15:00,239.40048817636045
2024/11/05 17:00,244.35553998577743
2024/11/05 19:00,245.10983477072523
2024/11/05 21:00,245.14964881965503
2024/11/05 23:00,245.84218125520994
2024/11/06 01:00,246.3710722785433
2024/11/06 03:00,247.00449340225973
2024/11/06 05:00,247.9547979877123
2024/11/06 07:00,248.5072392278367
2024/11/06 09:00,248.21504019070142
2024/11/06 11:00,247.76391513270283
2024/11/06 13:00,245.850784025429
2024/11/06 15:00,247.42445635586012
2024/11/06 17:00,248.67915014319482
2024/11/06 19:00,249.0773638736834
2024/11/06 21:00,250.28577211933606
2024/11/06 23:00,251.29629368264546
2024/11/07 01:00,251.57024152979682
2024/11/07 03:00,252.12566873951843
2024/11/07 05:00,252.73793672201202
2024/11/07 07:00,251.8796812290447
2024/11/07 09:00,252.63010308537142
2024/11/07 11:00,252.43763959039225
2024/11/07 13:00,252.12013043088507
2024/11/07 15:00,252.51050340237032
2024/11/07 17:00,252.99943601906995
2024/11/07 19:00,253.530251060541
2024/11/07 21:00,254.01268684756252
2024/11/07 23:00,253.2675415139759
2024/11/08 01:00,254.86604683072684
2024/11/08 03:00,255.79417966686333
2024/11/08 05:00,255.4065576699157
2024/11/08 07:00,256.11153745708793
2024/11/08 09:00,256.0448964484914
2024/11/08 11:00,255.40726863698637
2024/11/08 13:00,252.8826422427692
2024/11/08 15:00,252.8638488481077
2024/11/08 17:00,251.81195999231713
2024/11/08 19:00,252.34215458209312
2024/11/08 21:00,252.66432177975514
2024/11/08 23:00,253.3151775919402
2024/11/09 01:00,253.37958377500942
2024/11/09 03:00,253.70683348002046
2024/11/09 05:00,254.410964935702
2024/11/09 07:00,254.5161105005524
2024/11/09 09:00,254.49621583664765
2024/11/09 11:00,254.2601433173836
2024/11/09 13:00,253.48813663656838
2024/11/09 15:00,253.51320984409938
2024/11/09 17:00,253.44388080479445
2024/11/09 19:00,254.0619900660012
2024/11/09 21:00,254.6923399936009
2024/11/09 23:00,254.59787869806712
2024/11/10 01:00,254.9211310125845
2024/11/10 03:00,255.19935528358906
2024/11/10 05:00,255.65501200584765
2024/11/10 07:00,255.71295256175318
2024/11/10 09:00,255.95468883816028
2024/11/10 11:00,256.04540643738267
2024/11/10 13:00,255.71895321794318
2024/11/10 15:00,253.71291508802236
2024/11/10 17:00,254.15496213856517
2024/11/10 19:00,254.47133102619506
2024/11/10 21:00,254.97643154089383
2024/11/10 23:00,255.32948557606585
2024/11/11 01:00,254.8914065404928
2024/11/11 03:00,256.19143028054873
2024/11/11 05:00,256.3700238042516
2024/11/11 07:00,256.69351248178
2024/11/11 09:00,257.092276928695
2024/11/11 11:00,254.9205600020266
2024/11/11 13:00,256.6838788596996
2024/11/11 15:00,256.41025852943625
2024/11/11 17:00,256.88748673224
2024/11/11 19:00,252.3447880737146
2024/11/11 21:00,252.6321058677049
2024/11/11 23:00,255.54515763309925
2024/11/12 01:00,258.1801238199068
2024/11/12 03:00,258.52063298775755
2024/11/12 05:00,256.6139421444891
2024/11/12 07:00,258.36011921678517
2024/11/12 09:00,258.37894288914265
2024/11/12 11:00,255.48986569273046
2024/11/12 13:00,256.21382469795816
2024/11/12 15:00,258.4938054661309
2024/11/12 17:00,258.1737722416874
2024/11/12 19:00,259.4036353918149
2024/11/12 21:00,260.6885726942268
2024/11/12 23:00,261.23226931587027
2024/11/13 01:00,261.7516004893864
2024/11/13 03:00,261.2203343217766
2024/11/13 05:00,261.4220287313069
2024/11/13 07:00,262.25123458295855
2024/11/13 09:00,260.01177215469096
2024/11/13 11:00,257.52005744715177
2024/11/13 13:00,260.01200391497764
2024/11/13 15:00,255.39728040810095
2024/11/13 17:00,261.1592321855204
2024/11/13 19:00,262.5236860720769
2024/11/13 21:00,262.5165958438609
2024/11/13 23:00,263.48374396333986
2024/11/14 01:00,263.13248952580847
2024/11/14 03:00,263.2693377352974
2024/11/14 05:00,263.809986688208
2024/11/14 07:00,263.6642139127901
2024/11/14 09:00,262.42659794723795
2024/11/14 11:00,262.5953662689876
2024/11/14 13:00,261.80675057234976
2024/11/14 15:00,262.12148832143663
2024/11/14 17:00,261.76036600634257
2024/11/14 19:00,261.2332094706004
2024/11/14 21:00,264.4419528171885
2024/11/14 23:00,265.06251645328496
2024/11/15 01:00,265.4980176417007
2024/11/15 03:00,265.29766876394757
2024/11/15 07:00,266.100328160274
2024/11/15 09:00,263.96946719958845
2024/11/15 11:00,263.93768960637453
2024/11/15 13:00,264.03727259918145
2024/11/15 15:00,262.9055718868592
2024/11/15 17:00,266.4270953285371
2024/11/15 19:00,266.48909831868036
2024/11/15 21:00,266.7022843412907
2024/11/15 23:00,267.21370548733313
2024/11/16 01:00,264.8298176029695
2024/11/16 03:00,265.25921243951177
2024/11/16 05:00,265.62258896020546
2024/11/16 07:00,266.16082174427845
2024/11/16 09:00,266.43827911493867
2024/11/16 11:00,266.4945572513273
2024/11/16 13:00,266.60348799234873
2024/11/16 15:00,266.8635876093392
2024/11/16 17:00,266.54233686680607
2024/11/16 19:00,266.8463228276171
2024/11/16 21:00,267.30043327799183
2024/11/16 23:00,267.398157425747
2024/11/17 01:00,267.8727360133878
2024/11/17 03:00,267.61005205996787
2024/11/17 05:00,268.1272871039257
2024/11/17 07:00,268.68542819192953
2024/11/17 13:00,269.17952192698226
2024/11/17 15:00,268.3618049362054
2024/11/17 17:00,268.5538874008916
2024/11/17 19:00,269.81307206968245
2024/11/17 21:00,269.87518079645713
2024/11/17 23:00,270.3285689623136
2024/11/18 01:00,270.6657031421909
2024/11/18 03:00,271.1561102633088
2024/11/18 05:00,272.644089612926
2024/11/18 07:00,273.3076239198911
2024/11/18 09:00,273.8226748434421
2024/11/18 11:00,272.7556152245277
2024/11/18 13:00,273.45994294972957
2024/11/18 15:00,272.90253836150293
2024/11/18 17:00,274.1564302661919
2024/11/18 19:00,274.61410601469277
2024/11/18 21:00,275.19257986052304
2024/11/18 23:00,276.1677988000473
2024/11/19 01:00,276.2585675541597
2024/11/19 03:00,277.03897415777703
2024/11/19 05:00,277.7834882719103
2024/11/19 07:00,278.61011263838975
2024/11/19 09:00,277.69303917858053
2024/11/19 11:00,277.1303134578813
2024/11/19 13:00,276.8777668030176
2024/11/19 15:00,276.9681307589003
2024/11/19 17:00,275.58561530554164
2024/11/19 19:00,278.15637394572695
2024/11/19 21:00,278.6592748073427
2024/11/19 23:00,278.8182155246721
2024/11/20 01:00,279.60216474491983
2024/11/20 03:00,280.0758166318719
2024/11/20 05:00,280.0339755953569
2024/11/20 07:00,281.1229274033565
2024/11/20 09:00,282.5197453124432
2024/11/20 11:00,281.5069464589193
2024/11/20 13:00,280.81075736232185
2024/11/20 17:00,281.6510044985714
2024/11/20 19:00,281.9226796248231
2024/11/20 21:00,282.18915306709266
2024/11/20 23:00,282.0878138182002
2024/11/21 01:00,282.9585665207603
2024/11/21 03:00,282.3512633403653
2024/11/21 05:00,282.75300848117195
2024/11/21 09:00,284.30011761067976
2024/11/21 11:00,284.65012912235557
2024/11/21 13:00,284.5760766635773
2024/11/21 15:00,283.72485231452924
2024/11/21 17:00,284.8515531762781
2024/11/21 19:00,285.3713204136024
2024/11/21 21:00,287.3399992422054
2024/11/21 23:00,286.036584725453
2024/11/22 01:00,286.13589739647716
2024/11/22 03:00,287.31060239745443
2024/11/22 05:00,287.3762961928111
2024/11/22 07:00,286.88832510060683
2024/11/22 09:00,288.87728783882267
2024/11/22 11:00,288.8792080815101
2024/11/22 13:00,288.68775470404205
2024/11/22 15:00,288.5863479234818
2024/11/22 17:00,289.84109793303986
2024/11/22 19:00,291.000743276098
2024/11/22 21:00,289.7690713696283
2024/11/22 23:00,290.30283602382633
2024/11/23 01:00,291.3261607453392
2024/11/23 05:00,288.9475388059975
2024/11/23 07:00,291.57112749158364
2024/11/23 09:00,293.4622392376341
2024/11/23 11:00,293.8018617893358
2024/11/23 13:00,292.6002962296621
2024/11/23 15:00,292.8106699660684
2024/11/23 17:00,294.0839390880785
2024/11/23 19:00,295.77790222691897
2024/11/23 21:00,295.0612946746923
2024/11/23 23:00,294.5568176696777
2024/11/24 01:00,294.9057823089772
2024/11/24 03:00,295.5339334667702
2024/11/24 05:00,297.53969627785614
2024/11/24 07:00,297.16480365558243
2024/11/24 09:00,297.3212791128506
2024/11/24 11:00,297.2107126828678
2024/11/24 13:00,299.78885767258487
2024/11/24 15:00,297.8639969873716
2024/11/24 17:00,296.5828787514646
2024/11/24 19:00,296.42691584971806
2024/11/24 21:00,296.64349886261266
2024/11/24 23:00,297.75273581970987
2024/11/25 01:00,297.4079168766063
2024/11/25 03:00,296.84833204153415
2024/11/25 05:00,297.34069370805474
2024/11/25 07:00,298.22320282248904
2024/11/25 09:00,298.3496642844726
2024/11/25 11:00,302.478997397734
2024/11/25 13:00,299.2100291871618
2024/11/25 15:00,299.5168340727065
2024/11/25 17:00,299.62673592129187
2024/11/25 19:00,299.26504551222456
2024/11/25 21:00,299.35912335886496
2024/11/25 23:00,300.53373611683935
2024/11/26 01:00,299.5451877736275
2024/11/26 03:00,300.3314419389687
2024/11/26 05:00,300.7953664274699
2024/11/26 07:00,300.87989238516064
2024/11/26 09:00,300.123868363017
2024/11/26 11:00,301.2684351917005
2024/11/26 13:00,299.8835702121652
2024/11/26 17:00,298.0396038699853
2024/11/26 19:00,305.04177882221927
2024/11/26 21:00,305.94045152222213
2024/11/26 23:00,305.846123788441
2024/11/27 01:00,306.80176871220385
2024/11/27 03:00,306.0626914529071
2024/11/27 05:00,306.6926303761759
2024/11/27 07:00,307.37205452635396
2024/11/27 09:00,307.4800448094521
2024/11/27 11:00,307.6130173538827
2024/11/27 13:00,305.86108327923523
2024/11/27 15:00,306.3132743955158
2024/11/27 17:00,305.3059629361255
2024/11/27 19:00,305.57844162691106
2024/11/27 21:00,305.24975343548965
2024/11/27 23:00,305.2617913112846
2024/11/28 01:00,306.2783495810271
2024/11/28 03:00,307.38732496518503
2024/11/28 05:00,310.12378151028565
2024/11/28 07:00,310.113258474599
2024/11/28 09:00,308.73192010968023
2024/11/28 11:00,313.705407274211
2024/11/28 13:00,314.05438803458514
2024/11/28 15:00,313.1448545023769
2024/11/28 19:00,312.46222252690325
2024/11/28 21:00,311.8292752885766
2024/11/29 01:00,313.0999666347219
2024/11/29 03:00,313.5113670508688
2024/11/29 05:00,314.2176320621759
2024/11/29 07:00,314.18632129841984
2024/11/29 09:00,310.69574896640756
2024/11/29 11:00,247.3872754246155
2024/11/29 15:00,245.1580798681803
2024/11/29 17:00,249.7826809918303
2024/11/29 19:00,251.3456998217012
2024/11/29 21:00,253.354345228343
2024/11/29 23:00,254.9407391775844
2024/11/30 01:00,255.81347774405543
2024/11/30 03:00,256.4235002139091
2024/11/30 05:00,257.0993832025825
2024/11/30 07:00,257.6454560184211
2024/11/30 09:00,257.2295818135014
2024/11/30 11:00,256.5279104800453
2024/11/30 15:00,255.3860891159644
2024/11/30 17:00,258.1850154512386
2024/11/30 19:00,258.6233355449291
2024/11/30 21:00,258.8812381783182
2024/11/30 23:00,259.6908454148431
2024/12/01 01:00,260.7871548954004
2024/12/01 03:00,260.5541912810552
2024/12/01 05:00,260.74293664922806
2024/12/01 07:00,261.1233569321033
2024/12/01 09:00,260.48958195241573
2024/12/01 11:00,259.8318764483828
2024/12/01 13:00,259.24864720379503
2024/12/01 15:00,258.00097664217344
2024/12/01 17:00,257.0006750349787
2024/12/01 19:00,257.3031558452137
2024/12/01 21:00,256.75327230945123
2024/12/01 23:00,257.18093089390095
2024/12/02 01:00,257.7647372471408
2024/12/02 03:00,258.334436859934
2024/12/02 07:00,258.9627417408921
2024/12/02 09:00,258.5259636306769
2024/12/02 11:00,260.1399513035013
2024/12/02 13:00,259.0959222475826
2024/12/02 15:00,257.25442342167764
2024/12/02 17:00,257.7348917327983
2024/12/02 19:00,258.0380124500746
2024/12/02 21:00,257.71465049628466
2024/12/02 23:00,258.5182757713836
2024/12/03 01:00,258.56583605523457
2024/12/03 03:00,257.85852969186783
2024/12/03 05:00,259.37505305085284
2024/12/03 07:00,259.9838842479521
2024/12/03 09:00,259.42176812358696
2024/12/03 11:00,259.5815576647533
2024/12/03 13:00,260.06356608677504
2024/12/03 15:00,258.5414473853905
2024/12/03 17:00,258.4830703524775
2024/12/03 19:00,258.89117196437076
2024/12/03 21:00,258.8796761606469
2024/12/03 23:00,259.30520272155354
2024/12/04 01:00,259.80840834390557
2024/12/04 03:00,259.9923201204332
2024/12/04 05:00,260.1229897302129
2024/12/04 07:00,260.70484929133414
2024/12/04 11:00,260.31942035264314
2024/12/04 13:00,260.2461965240051
2024/12/04 15:00,259.952721671709
2024/12/04 17:00,260.2614769549703
2024/12/04 19:00,260.7726323709704
2024/12/04 21:00,261.03302122731486
2024/12/04 23:00,263.21205081548726
2024/12/05 01:00,264.64768295554535
2024/12/05 03:00,264.6394193007977
2024/12/05 05:00,264.66382708603624
2024/12/05 07:00,266.0107586296432
2024/12/05 09:00,265.00862901775105
2024/12/05 11:00,263.02304411383165
2024/12/05 13:00,262.5288795121037
2024/12/05 15:00,262.9221639523631
2024/12/05 17:00,264.4898058370509
2024/12/05 19:00,263.2754616525393
2024/12/05 21:00,264.971430972638
2024/12/05 23:00,265.6176784053217
2024/12/06 01:00,265.51371797387617
2024/12/06 03:00,266.5964483842779
2024/12/06 05:00,265.23040720750356
2024/12/06 07:00,265.5754337546452
2024/12/06 09:00,265.41851729252744
2024/12/06 11:00,266.0217771733569
2024/12/06 13:00,267.52574409185047
2024/12/06 15:00,267.92339827252556
2024/12/06 17:00,266.5290594679608
2024/12/06 19:00,266.43289802078135
2024/12/06 21:00,266.3978131479844
2024/12/06 23:00,267.31854127681925
2024/12/07 01:00,267.4346125416896
2024/12/07 03:00,267.46269897355216
2024/12/07 05:00,268.0228473494012
2024/12/07 07:00,268.69385076988675
2024/12/07 09:00,269.0332019753048
2024/12/07 11:00,269.08086160173923
2024/12/07 13:00,269.6091616518464
2024/12/07 15:00,269.17907407788766
2024/12/07 17:00,269.61746900073365
2024/12/07 19:00,269.54359597463196
2024/12/07 21:00,269.7004149238005
2024/12/07 23:00,270.31463541383516
2024/12/08 01:00,270.62990984337404
2024/12/08 03:00,271.1567811500438
2024/12/08 05:00,271.8684127977736
2024/12/08 07:00,272.2245514367029
2024/12/08 09:00,272.57508412608934
2024/12/08 11:00,274.7743381813482
2024/12/08 13:00,273.7382487535545
2024/12/08 15:00,273.37765805698143
2024/12/08 17:00,273.98115722035607
2024/12/08 19:00,274.5462727393286
2024/12/08 21:00,274.4596110255701
2024/12/08 23:00,274.6069104630659
2024/12/09 01:00,274.96144325561625
2024/12/09 03:00,275.78768792462574
2024/12/09 05:00,275.44353441381395
2024/12/09 09:00,276.60086918482926
2024/12/09 11:00,277.3441248153782
2024/12/09 13:00,277.07957586515977
2024/12/09 15:00,276.87648847942177
2024/12/09 17:00,277.13421725110226
2024/12/09 19:00,277.17882308509047
2024/12/09 21:00,277.71965187430055
2024/12/09 23:00,278.04991102419
2024/12/10 01:00,278.09789183381355
2024/12/10 03:00,277.8682482053436
2024/12/10 05:00,279.695160831974
2024/12/10 07:00,280.0620503341059
2024/12/10 09:00,280.5037342790795
2024/12/10 11:00,281.1580872401131
2024/12/10 13:00,281.7073870973628
2024/12/10 15:00,281.7925998108159
2024/12/10 17:00,281.8340820365265
2024/12/10 19:00,281.7591737396125
2024/12/10 21:00,281.67534072873264
2024/12/10 23:00,282.32303514941907
2024/12/11 01:00,282.9174465630699
2024/12/11 03:00,282.7962309272552
2024/12/11 05:00,282.91268932152593
2024/12/11 09:00,283.7378489870783
2024/12/11 11:00,280.19625375027863
2024/12/11 15:00,280.41815429177996
2024/12/11 17:00,280.79793432597376
2024/12/11 19:00,280.4900061327977
2024/12/11 21:00,280.37830893092104
2024/12/11 23:00,280.66944429841703
2024/12/12 01:00,281.30314859373243
2024/12/12 03:00,281.29678031913335
2024/12/12 05:00,282.0384771098864
2024/12/12 07:00,281.8245245738559
2024/12/12 09:00,282.83758640040725
2024/12/12 11:00,283.9913604627899
2024/12/12 13:00,283.87855134246877
2024/12/12 15:00,283.73450346547804
2024/12/12 17:00,283.95954207707047
2024/12/12 19:00,283.9866782406478
2024/12/12 21:00,286.4783999744194
2024/12/12 23:00,288.7787238972178
2024/12/13 01:00,289.76218480557935
2024/12/13 03:00,288.62890496424063
2024/12/13 05:00,289.7151245460028
2024/12/13 07:00,290.04471534166976
2024/12/13 09:00,290.04748405073315
2024/12/13 11:00,290.91915759767335
2024/12/13 13:00,290.96845795269394
2024/12/13 15:00,291.5715268533104
2024/12/13 17:00,291.16004798466577
2024/12/13 19:00,291.37444809819806
2024/12/13 21:00,291.8372876547751
2024/12/13 23:00,291.9701624753209
2024/12/14 01:00,291.761857122625
2024/12/14 03:00,293.1576825881431
2024/12/14 05:00,294.3535164243334
2024/12/14 07:00,294.15205313961013
2024/12/14 09:00,295.60326915285805
2024/12/14 11:00,296.63669637771704
2024/12/14 13:00,296.79831180019414
2024/12/14 15:00,297.02095187232663
2024/12/14 17:00,296.9282256899023
2024/12/14 19:00,297.4562757287269
2024/12/14 21:00,297.839770496131
2024/12/14 23:00,298.11534057510767
2024/12/15 01:00,298.8823681359088
2024/12/15 03:00,299.19343400621847
2024/12/15 05:00,297.7829619063266
2024/12/15 07:00,298.7447965101224
2024/12/15 09:00,299.65504355522177
2024/12/15 11:00,300.5558149545674
2024/12/15 13:00,300.4575297294233
2024/12/15 15:00,300.0980817183676
2024/12/15 17:00,300.3023979129531
2024/12/15 19:00,299.76744706087516
2024/12/15 21:00,301.3951845733751
2024/12/15 23:00,301.42937658263634
2024/12/16 01:00,301.55246547230956
2024/12/16 03:00,301.7605576740499
2024/12/16 05:00,302.2537535230075
2024/12/16 07:00,302.7731603681233
2024/12/16 09:00,302.41225467407617
2024/12/16 11:00,303.52527338209615
2024/12/16 13:00,303.14209897305443
2024/12/16 15:00,303.8521958181075
2024/12/16 17:00,304.2825688227797
2024/12/16 19:00,304.3192799170653
2024/12/16 21:00,304.4610440150078
2024/12/16 23:00,304.50928316839816
2024/12/17 01:00,304.05220507337106
2024/12/17 03:00,304.98755403267137
2024/12/17 05:00,305.51866077075624
2024/12/17 07:00,306.61505006154266
2024/12/17 09:00,307.17413068341017
2024/12/17 11:00,309.2034734143509
2024/12/18 01:00,308.15306940097605
2024/12/18 03:00,308.04577538672936
2024/12/18 05:00,308.8818286070023
2024/12/18 07:00,308.8267678871762
2024/12/18 09:00,309.63950253045766
2024/12/18 11:00,309.76922291328634
2024/12/18 13:00,310.69637133698416
2024/12/18 15:00,310.96419708731753
2024/12/18 17:00,310.85960173016775
2024/12/18 19:00,310.44214852728703
2024/12/18 21:00,310.8697679512484
2024/12/18 23:00,311.14398773627846
2024/12/19 01:00,312.2172074920578
2024/12/19 03:00,311.26241440285787
2024/12/19 05:00,312.64984445843146
2024/12/19 07:00,313.0186439819053
2024/12/19 09:00,313.5433518018849
2024/12/19 11:00,316.3138516011811
2024/12/19 13:00,314.70816131482536
2024/12/19 15:00,314.76338175705985
2024/12/19 17:00,314.706467816552
2024/12/19 19:00,315.4991416065096
2024/12/19 21:00,315.47642018367003
2024/12/19 23:00,314.7588183862893
2024/12/20 01:00,316.15670221026613
2024/12/20 03:00,316.6055642526609
2024/12/20 05:00,315.83483178133497
2024/12/20 07:00,316.0536161612121
2024/12/20 09:00,316.84974298642214
2024/12/20 11:00,318.1246227713262
2024/12/20 13:00,318.63451431854037
2024/12/20 15:00,317.67629487818044
2024/12/20 17:00,317.5233470378609
2024/12/20 19:00,317.0904003480638
2024/12/20 21:00,318.0913773491543
2024/12/20 23:00,317.87843508353205
2024/12/21 01:00,318.4386095837697
2024/12/21 03:00,318.24148488875534
2024/12/21 05:00,318.3699452043779
2024/12/21 07:00,318.7521739226413
2024/12/21 09:00,319.19520279310257
2024/12/21 11:00,318.3895076955228
2024/12/21 13:00,320.00364032060963
2024/12/21 15:00,319.17295692241265
2024/12/21 17:00,319.77592497736134
2024/12/21 19:00,320.01492257501695
2024/12/21 21:00,320.0329501360127
2024/12/21 23:00,319.058544701007
2024/12/22 01:00,320.12096577071077
2024/12/22 03:00,320.14186393955254
2024/12/22 05:00,320.302485532097
2024/12/22 07:00,321.5116100369979
2024/12/22 09:00,322.3624496769702
2024/12/22 11:00,323.8621148356253
2024/12/22 13:00,324.0680979101554
2024/12/22 15:00,323.34653266714133
2024/12/22 17:00,323.90754167204835
2024/12/22 19:00,323.5213740544458
2024/12/22 21:00,324.1523571337074
2024/12/22 23:00,324.15313991785206
2024/12/23 01:00,323.81402253082615
2024/12/23 03:00,324.0122002247781
2024/12/23 05:00,325.65538536246027
2024/12/23 07:00,325.3050019774059
2024/12/23 09:00,325.6374036517825
2024/12/23 11:00,325.38531879594865
2024/12/23 13:00,326.32895646205503
2024/12/23 15:00,323.4997394113242
2024/12/23 17:00,323.33651679195975
2024/12/23 19:00,321.3251692632339
2024/12/23 21:00,316.2715530179188
2024/12/23 23:00,314.06935484136045
2024/12/24 01:00,309.96132137016593
2024/12/24 03:00,307.92679528591026
2024/12/24 05:00,301.66328344826934
2024/12/24 07:00,298.02067439481425
2024/12/24 09:00,296.91355193467996
2024/12/24 11:00,296.4900033154808
2024/12/24 13:00,296.0365107259589
2024/12/24 15:00,295.8822946235766
2024/12/24 17:00,295.82311152591774
2024/12/24 19:00,295.39654801983795
2024/12/24 21:00,295.4813933679603
2024/12/24 23:00,295.2248419605979
2024/12/25 01:00,295.6738622627146
2024/12/25 03:00,295.38455180262713
2024/12/25 05:00,295.80636028162235
2024/12/25 07:00,296.0551873259325
2024/12/25 09:00,295.3476188169545
2024/12/25 11:00,295.71489449381124
2024/12/25 13:00,295.13012680340785
2024/12/25 15:00,294.4256371822855
2024/12/25 17:00,294.39046112154006
2024/12/25 19:00,294.575822713232
2024/12/25 21:00,294.26678965153167
2024/12/25 23:00,294.32217729507875
2024/12/26 01:00,294.46694597101623
2024/12/26 03:00,294.47544481256807
2024/12/26 05:00,294.14745009547806
2024/12/26 07:00,294.3253163185494
2024/12/26 09:00,295.20480939262177
2024/12/26 11:00,295.1287756088258
2024/12/26 13:00,294.84070409400675
2024/12/26 15:00,294.25968494001773
2024/12/26 17:00,294.2096832987854
2024/12/26 19:00,294.19333676418694
2024/12/26 21:00,294.1406483894534
2024/12/26 23:00,294.52469563832403
2024/12/27 01:00,294.9099256512171
2024/12/27 03:00,295.00330648837655
2024/12/27 05:00,295.1475172661103
2024/12/27 07:00,295.52870902287555
2024/12/27 11:00,295.423787978321
2024/12/27 13:00,295.7515471067255
2024/12/27 15:00,295.2892001223603
2024/12/27 17:00,295.60446427801764
2024/12/27 19:00,295.8248884138651
2024/12/27 21:00,296.4269193351424
2024/12/27 23:00,295.8317425417204
2024/12/28 01:00,294.9296528526462
2024/12/28 03:00,297.0915726109961
2024/12/28 05:00,297.1311323598489
2024/12/28 07:00,297.5347419425001
2024/12/28 09:00,298.68364845146345
2024/12/28 11:00,298.9869002407879
2024/12/28 13:00,298.5951387867308
2024/12/28 15:00,298.78663218092584
2024/12/28 17:00,299.1039712339226
2024/12/28 19:00,299.7373868336302
2024/12/28 21:00,300.257521886355
2024/12/28 23:00,300.6273915719899
2024/12/29 01:00,301.5374310441181
2024/12/29 03:00,301.65094612801414
2024/12/29 05:00,302.74143787929245
2024/12/29 07:00,302.71517303158697
2024/12/29 09:00,303.751225744063
2024/12/29 11:00,304.2426516025912
2024/12/29 13:00,304.2070080827514
2024/12/29 15:00,303.6531264422169
2024/12/29 17:00,303.468830170364
2024/12/29 19:00,303.325537383759
2024/12/29 21:00,303.9732444838562
2024/12/29 23:00,304.33907527541953
2024/12/30 01:00,304.6974273690082
2024/12/30 03:00,304.3336965572749
2024/12/30 05:00,304.7132102635781
2024/12/30 07:00,304.62978845977625
2024/12/30 09:00,307.11228992206327
2024/12/30 11:00,305.11925487250323
2024/12/30 13:00,305.9044938966582
2024/12/30 15:00,305.01696964631185
2024/12/30 17:00,304.430866433906
2024/12/30 19:00,305.090235219967
2024/12/30 21:00,304.4718260061213
2024/12/30 23:00,304.8688554455507
2024/12/31 01:00,305.3132889821811
2024/12/31 03:00,306.418367204271
2024/12/31 05:00,306.9826016968078
2024/12/31 07:00,307.1592864182588
2024/12/31 09:00,307.11971798496745
2024/12/31 11:00,308.47094966098246
2024/12/31 13:00,308.501331349473
2024/12/31 15:00,307.2042250855394
2024/12/31 17:00,306.7836502976121
2024/12/31 19:00,307.04368330195734
2024/12/31 21:00,307.13841671376144
2024/12/31 23:00,307.5760172674628
2025/01/01 01:00,307.317314324544
2025/01/01 03:00,307.6736549377447
2025/01/01 05:00,307.74375968213246
2025/01/01 07:00,308.2129368251168
2025/01/01 09:00,308.44458937094015
2025/01/01 11:00,307.4202048758767
2025/01/01 13:00,306.5026897400819
2025/01/01 15:00,306.7378281445414
2025/01/01 17:00,306.9168712893255
2025/01/01 19:00,305.4951941279876
2025/01/01 21:00,303.9731361004889
2025/01/01 23:00,300.377369541839
2025/01/02 01:00,299.1649008379856
2025/01/02 03:00,296.27353955078934
2025/01/02 05:00,295.6372871168368
2025/01/02 07:00,295.3454642550066
2025/01/02 09:00,295.1820779358482
2025/01/02 11:00,296.97164391291767
2025/01/02 13:00,297.6559516063729
2025/01/02 15:00,297.82435375969317
2025/01/02 17:00,297.60995829482965
2025/01/02 19:00,297.176886749138
2025/01/02 21:00,297.6319670835191
2025/01/02 23:00,297.29093235466223
2025/01/03 01:00,297.47906083490125
2025/01/03 03:00,297.9352974391164
2025/01/03 05:00,296.694121114938
2025/01/03 07:00,295.6424043358948
2025/01/03 09:00,297.3286466245089
2025/01/03 11:00,297.89021029303376
2025/01/03 13:00,296.3698397581377
2025/01/03 15:00,295.8023231551175
2025/01/03 17:00,295.54437303541886
2025/01/03 19:00,295.65423711519327
2025/01/03 21:00,295.61620443526147
2025/01/03 23:00,296.11282958133506
2025/01/04 01:00,296.6844197216758
2025/01/04 03:00,296.8611904086811
2025/01/04 05:00,296.94125436616866
2025/01/04 07:00,297.2284232457729
2025/01/04 09:00,297.69531014064864
2025/01/04 13:00,299.13846458368505
2025/01/04 15:00,298.224670236623
2025/01/04 17:00,296.1988956060386
2025/01/04 19:00,297.2111683043946
2025/01/04 21:00,297.8923252371162
2025/01/04 23:00,298.08728596100127
2025/01/05 01:00,297.7287821887278
2025/01/05 03:00,297.9689809214958
2025/01/05 05:00,298.8893667294142
2025/01/05 07:00,298.6263168584401
2025/01/05 09:00,298.86085899556105
2025/01/05 11:00,298.9742391748032
2025/01/05 13:00,293.7687813989728
2025/01/05 15:00,293.7238647427338
2025/01/05 17:00,293.3643275319403
2025/01/05 19:00,293.35209730652093
2025/01/05 21:00,292.7007902422829
2025/01/05 23:00,293.3334229243708
2025/01/06 01:00,293.02071668099154
2025/01/06 03:00,292.67508195345454
2025/01/06 05:00,293.2156377864478
2025/01/06 07:00,293.5765972906639
2025/01/06 09:00,294.710724083884
2025/01/06 11:00,294.405578214617
2025/01/06 13:00,294.73223929624896
2025/01/06 15:00,294.0308083125584
2025/01/06 17:00,295.7749339681076
2025/01/06 19:00,295.9056802702046
2025/01/06 21:00,295.46465885548645
2025/01/06 23:00,294.5757957255279
2025/01/07 01:00,296.5774919098459
2025/01/07 03:00,297.5365125522177
2025/01/07 05:00,297.95962031122195
2025/01/07 07:00,298.5734755741465
2025/01/07 09:00,299.2720098691674
2025/01/07 11:00,300.10215984576075
2025/01/07 13:00,300.37441830484056
2025/01/07 15:00,299.68530157942723
2025/01/07 17:00,299.4761943481048
2025/01/07 19:00,299.6160422836339
2025/01/07 21:00,299.4244030787729
2025/01/07 23:00,299.4863280128669
2025/01/08 01:00,299.7486711631746
2025/01/08 03:00,299.81934754849124
2025/01/08 07:00,300.32934851741146
2025/01/08 11:00,300.1436167327184
2025/01/08 13:00,299.69091672669595
2025/01/08 15:00,299.551954312103
2025/01/08 17:00,300.55020371850213
2025/01/08 19:00,299.21416947733087
2025/01/08 21:00,299.65955651739614
2025/01/08 23:00,299.0396296503176
2025/01/09 01:00,299.93903493379673
2025/01/09 03:00,299.2053953874581
2025/01/09 05:00,300.38999794429026
2025/01/09 07:00,301.68124967679796
2025/01/09 09:00,300.6728254852957
2025/01/09 11:00,301.04187833266155
2025/01/09 13:00,300.5193654469466
2025/01/09 15:00,298.8108340661309
2025/01/09 17:00,300.5988824489177
2025/01/09 19:00,302.24398286545136
2025/01/09 21:00,302.12342902713306
2025/01/09 23:00,300.7040983291672
2025/01/10 01:00,301.94579178808675
2025/01/10 03:00,302.00276071276096
2025/01/10 05:00,303.29548709824064
2025/01/10 07:00,304.43885134242146
2025/01/10 09:00,306.25746106210363
2025/01/10 11:00,307.1924069935814
2025/01/10 13:00,306.24772330164876
2025/01/10 15:00,304.55926874572066
2025/01/10 17:00,305.7987325524881
2025/01/10 19:00,305.04635301649404
2025/01/10 21:00,306.35184076308826
2025/01/10 23:00,308.1927766586763
2025/01/11 01:00,306.7281547291185
2025/01/11 03:00,306.877929859312
2025/01/11 05:00,305.79223126272643
2025/01/11 07:00,304.30696998121846
2025/01/11 09:00,307.46169773041464
2025/01/11 11:00,309.8816165247776
2025/01/11 13:00,308.5950127801512
2025/01/11 15:00,307.7496449676549
2025/01/11 17:00,307.33584720494747
2025/01/11 19:00,307.83497418030686
2025/01/11 21:00,307.7180313938761
2025/01/11 23:00,309.61572482290677
2025/01/12 01:00,309.4836947969596
2025/01/12 03:00,311.83570347027677
2025/01/12 05:00,313.38360470596865
2025/01/12 07:00,314.3014000065777
2025/01/12 09:00,315.45646815666703
2025/01/12 11:00,314.07233002700264
2025/01/12 13:00,313.6540628369151
2025/01/12 15:00,312.8381522202025
2025/01/12 17:00,313.94715055251936
2025/01/12 19:00,313.32230031589285
2025/01/12 21:00,312.9569415002111
2025/01/12 23:00,312.6405633875282
2025/01/13 01:00,313.8862117269051
2025/01/13 03:00,314.4109236678057
2025/01/13 05:00,317.51524013424444
2025/01/13 07:00,317.66194665095315
2025/01/13 09:00,317.96286791336263
2025/01/13 11:00,319.99364362975473
2025/01/13 13:00,319.9516672313396
2025/01/13 15:00,320.6112108097266
2025/01/13 17:00,319.7914190485054
2025/01/13 21:00,320.2500927227762
2025/01/13 23:00,319.71261581983333
2025/01/14 01:00,320.03420381867005
2025/01/14 03:00,318.33900273508766
2025/01/14 05:00,320.8177393954511
2025/01/14 07:00,321.9749836168189
2025/01/14 09:00,322.86377316834194
2025/01/14 11:00,323.3824505387621
2025/01/14 13:00,326.1523747887494
2025/01/14 15:00,323.4289495442652
2025/01/14 17:00,323.63365361638046
2025/01/14 19:00,323.0229353819808
2025/01/14 21:00,322.6472029585401
2025/01/14 23:00,322.6051230732453
2025/01/15 01:00,321.2358501768529
2025/01/15 03:00,318.110479948897
2025/01/15 05:00,317.7169408941316
2025/01/15 07:00,320.4906767907828
2025/01/15 09:00,317.79627904062875
2025/01/15 11:00,318.1091896436726
2025/01/15 13:00,318.2245288605572
2025/01/15 15:00,318.6562086033385
2025/01/15 17:00,317.9303813376264
2025/01/15 19:00,318.87130632663207
2025/01/15 21:00,317.9993305912702
2025/01/15 23:00,318.2927558338078
2025/01/16 01:00,319.80662463220165
2025/01/16 03:00,318.5639083615548
2025/01/16 05:00,318.79609743145
2025/01/16 07:00,320.5127059256897
2025/01/16 09:00,321.4763958262636
