window_id,delay_days,mean_1m,start_theta
7,0.0,43.736,43.736
7,0.041666666666666664,43.272666666666666,43.736
7,0.08333333333333333,41.71300000000001,43.736
7,0.125,41.772000000000006,43.736
7,0.16666666666666666,41.787333333333336,43.736
7,0.20833333333333334,40.58,43.736
7,0.25,40.028000000000006,43.736
7,0.2916666666666667,39.809666666666665,43.736
7,0.3333333333333333,37.35433333333334,43.736
7,0.375,35.394333333333336,43.736
7,0.4166666666666667,35.18366666666667,43.736
7,0.4583333333333333,35.02066666666666,43.736
7,0.5,34.92366666666667,43.736
7,0.5416666666666666,34.880333333333326,43.736
7,0.5833333333333334,33.714,43.736
7,0.625,32.909,43.736
7,0.6666666666666666,32.226,43.736
7,0.7083333333333334,31.83,43.736
7,0.75,31.744000000000007,43.736
7,0.7916666666666666,31.725666666666665,43.736
7,0.875,31.202,43.736
7,0.9166666666666666,30.954666666666668,43.736
7,0.9583333333333334,30.770333333333337,43.736
7,1.0,30.57633333333333,43.736
7,1.0416666666666667,30.459000000000003,43.736
7,1.0833333333333333,30.394,43.736
7,1.125,30.319666666666667,43.736
7,1.1666666666666667,30.227000000000004,43.736
7,1.2083333333333333,30.127333333333333,43.736
7,1.25,30.047666666666665,43.736
7,1.2916666666666667,29.987666666666676,43.736
7,1.3333333333333333,29.898999999999997,43.736
7,1.375,29.80966666666667,43.736
7,1.4166666666666667,29.711333333333336,43.736
7,1.4583333333333333,29.63533333333333,43.736
7,1.5,29.557666666666663,43.736
7,1.5416666666666667,29.485,43.736
7,1.5833333333333333,29.409,43.736
7,1.625,29.32066666666666,43.736
7,1.6666666666666667,29.22166666666667,43.736
7,1.7083333333333333,29.129,43.736
7,1.75,29.031666666666663,43.736
7,1.7916666666666667,28.936333333333334,43.736
7,1.875,28.76933333333333,43.736
7,1.9166666666666667,28.694333333333333,43.736
7,1.9583333333333333,28.62366666666667,43.736
7,2.0,28.555,43.736
7,2.0416666666666665,28.486666666666668,43.736
7,2.0833333333333335,28.419666666666664,43.736
7,2.125,28.351333333333333,43.736
7,2.1666666666666665,28.27933333333333,43.736
7,2.2083333333333335,28.21,43.736
7,2.25,28.134333333333338,43.736
7,2.2916666666666665,28.04866666666667,43.736
7,2.3333333333333335,27.944,43.736
7,2.375,27.74,43.736
7,2.4166666666666665,27.453,43.736
7,2.4583333333333335,27.256333333333338,43.736
7,2.5,27.129,43.736
7,2.5416666666666665,27.009,43.736
7,2.5833333333333335,26.893666666666668,43.736
7,2.625,26.78833333333333,43.736
7,2.6666666666666665,26.693666666666665,43.736
7,2.7083333333333335,26.603,43.736
7,2.75,26.515666666666668,43.736
7,2.7916666666666665,26.44,43.736
7,2.875,26.30133333333333,43.736
7,2.9166666666666665,26.239666666666665,43.736
7,2.9583333333333335,26.19166666666667,43.736
7,3.0,26.142000000000003,43.736
7,3.0416666666666665,26.095,43.736
7,3.0833333333333335,26.049,43.736
7,3.125,25.999666666666663,43.736
7,3.1666666666666665,25.95,43.736
7,3.2083333333333335,25.888,43.736
7,3.25,25.796333333333337,43.736
7,3.2916666666666665,25.686,43.736
7,3.3333333333333335,25.54666666666667,43.736
7,3.375,25.384666666666668,43.736
7,3.4166666666666665,25.22133333333333,43.736
7,3.4583333333333335,25.075333333333333,43.736
7,3.5,25.000666666666667,43.736
7,3.5416666666666665,25.00733333333333,43.736
7,3.5833333333333335,24.946666666666665,43.736
7,3.625,24.937666666666665,43.736
7,3.6666666666666665,24.932,43.736
7,3.7083333333333335,24.919,43.736
7,3.75,24.902,43.736
7,3.7916666666666665,24.883333333333333,43.736
7,3.875,24.856,43.736
7,3.9166666666666665,24.841,43.736
7,3.9583333333333335,24.822666666666667,43.736
7,4.0,24.809,43.736
7,4.041666666666667,24.791666666666668,43.736
7,4.083333333333333,24.77533333333333,43.736
7,4.125,24.757,43.736
7,4.166666666666667,24.73933333333333,43.736
7,4.208333333333333,24.721,43.736
7,4.25,24.696,43.736
7,4.291666666666667,24.657,43.736
7,4.333333333333333,24.611666666666665,43.736
7,4.375,24.54566666666667,43.736
7,4.416666666666667,24.474,43.736
7,4.458333333333333,24.42533333333333,43.736
7,4.5,24.38233333333333,43.736
7,4.541666666666667,24.33,43.736
7,4.583333333333333,24.285999999999994,43.736
7,4.625,24.267666666666667,43.736
7,4.666666666666667,24.245666666666665,43.736
7,4.708333333333333,24.221000000000004,43.736
7,4.75,24.19633333333333,43.736
7,4.791666666666667,24.17233333333333,43.736
7,4.875,24.127666666666663,43.736
7,4.916666666666667,24.104,43.736
7,4.958333333333333,24.082666666666665,43.736
7,5.0,24.061333333333334,43.736
7,5.041666666666667,24.03933333333333,43.736
7,5.083333333333333,24.018,43.736
7,5.125,23.993666666666662,43.736
7,5.166666666666667,23.97266666666666,43.736
7,5.208333333333333,23.945666666666664,43.736
7,5.25,23.91033333333333,43.736
7,5.291666666666667,23.867666666666665,43.736
7,5.333333333333333,23.828333333333333,43.736
7,5.375,23.78633333333333,43.736
7,5.416666666666667,23.727,43.736
7,5.458333333333333,23.67233333333333,43.736
7,5.5,23.616000000000003,43.736
7,5.541666666666667,23.562666666666665,43.736
7,5.583333333333333,23.513,43.736
7,5.625,23.46666666666666,43.736
7,5.666666666666667,23.421333333333333,43.736
7,5.708333333333333,23.378666666666668,43.736
7,5.75,23.34133333333333,43.736
7,5.791666666666667,23.310333333333336,43.736
7,5.875,23.259333333333338,43.736
7,5.916666666666667,23.23633333333333,43.736
7,5.958333333333333,23.211666666666662,43.736
7,6.0,23.18733333333333,43.736
7,6.041666666666667,23.16466666666667,43.736
7,6.083333333333333,23.145,43.736
7,6.125,23.125666666666667,43.736
7,6.166666666666667,23.104000000000003,43.736
7,6.208333333333333,23.08433333333333,43.736
7,6.25,23.05933333333333,43.736
7,6.291666666666667,23.031333333333333,43.736
7,6.333333333333333,22.994333333333334,43.736
7,6.375,22.952,43.736
7,6.416666666666667,22.92233333333333,43.736
7,6.458333333333333,22.895,43.736
7,6.5,22.860000000000003,43.736
7,6.541666666666667,22.822000000000003,43.736
7,6.583333333333333,22.778,43.736
7,6.625,22.737666666666662,43.736
7,6.666666666666667,22.699,43.736
7,6.708333333333333,22.660000000000004,43.736
7,6.75,22.624666666666663,43.736
7,6.791666666666667,22.59466666666667,43.736
7,6.875,22.536333333333328,43.736
7,6.916666666666667,22.508333333333333,43.736
7,6.958333333333333,22.482333333333337,43.736
7,7.0,22.461333333333336,43.736
7,7.041666666666667,22.43633333333333,43.736
7,7.083333333333333,22.411,43.736
7,7.125,22.387666666666668,43.736
7,7.166666666666667,22.36766666666667,43.736
7,7.208333333333333,22.343666666666667,43.736
7,7.25,22.323,43.736
7,7.291666666666667,22.313333333333333,43.736
7,7.333333333333333,22.293333333333333,43.736
7,7.375,22.255666666666663,43.736
7,7.416666666666667,22.22266666666667,43.736
7,7.458333333333333,22.192,43.736
7,7.5,22.16433333333333,43.736
7,7.541666666666667,22.128666666666668,43.736
7,7.583333333333333,22.091666666666665,43.736
7,7.625,22.053,43.736
7,7.666666666666667,22.01533333333333,43.736
7,7.708333333333333,21.979666666666667,43.736
7,7.75,21.94766666666667,43.736
7,7.791666666666667,21.917666666666666,43.736
7,7.875,21.863,43.736
7,7.916666666666667,21.838,43.736
7,7.958333333333333,21.811,43.736
7,8.0,21.78833333333333,43.736
7,8.041666666666666,21.763,43.736
7,8.083333333333334,21.738,43.736
7,8.125,21.715333333333337,43.736
7,8.166666666666666,21.692,43.736
7,8.208333333333334,21.672,43.736
7,8.25,21.651666666666667,43.736
7,8.291666666666666,21.62833333333333,43.736
7,8.333333333333334,21.60366666666667,43.736
13,0.041666666666666664,42.72933333333333,42.72933333333333
13,0.125,41.542,42.72933333333333
13,0.20833333333333331,36.364,42.72933333333333
13,0.2916666666666667,35.03566666666667,42.72933333333333
13,0.375,34.78033333333333,42.72933333333333
13,0.45833333333333337,34.988,42.72933333333333
13,0.5416666666666666,33.996,42.72933333333333
13,0.625,33.808,42.72933333333333
13,0.7083333333333333,33.712,42.72933333333333
13,0.7916666666666666,33.44733333333333,42.72933333333333
13,0.875,33.141666666666666,42.72933333333333
13,0.9583333333333333,32.77133333333334,42.72933333333333
13,1.0416666666666667,32.598333333333336,42.72933333333333
13,1.125,32.39633333333334,42.72933333333333
13,1.2083333333333335,32.22833333333333,42.72933333333333
13,1.2916666666666667,32.08633333333334,42.72933333333333
13,1.375,31.985333333333337,42.72933333333333
13,1.4583333333333335,31.862,42.72933333333333
13,1.5416666666666667,31.74866666666666,42.72933333333333
13,1.625,31.638,42.72933333333333
13,1.7083333333333335,31.547000000000004,42.72933333333333
13,1.7916666666666667,31.458,42.72933333333333
13,1.875,31.353666666666665,42.72933333333333
13,1.9583333333333335,31.24333333333333,42.72933333333333
13,2.0416666666666665,31.126666666666665,42.72933333333333
13,2.125,31.02533333333333,42.72933333333333
13,2.208333333333333,30.947333333333336,42.72933333333333
13,2.2916666666666665,30.908666666666665,42.72933333333333
13,2.375,30.84166666666667,42.72933333333333
13,2.458333333333333,30.783666666666665,42.72933333333333
13,2.5416666666666665,30.731666666666666,42.72933333333333
13,2.625,30.675666666666665,42.72933333333333
13,2.708333333333333,30.632000000000005,42.72933333333333
13,2.7916666666666665,30.591,42.72933333333333
13,2.875,30.513,42.72933333333333
13,2.958333333333333,30.440999999999995,42.72933333333333
13,3.0416666666666665,30.363,42.72933333333333
13,3.125,30.29433333333333,42.72933333333333
13,3.208333333333333,30.241000000000003,42.72933333333333
13,3.2916666666666665,30.199666666666666,42.72933333333333
13,3.375,30.156333333333333,42.72933333333333
13,3.458333333333333,30.113333333333333,42.72933333333333
13,3.5416666666666665,30.065999999999995,42.72933333333333
13,3.625,30.021666666666665,42.72933333333333
13,3.708333333333333,29.988666666666667,42.72933333333333
13,3.7916666666666665,29.93566666666667,42.72933333333333
13,3.875,29.864,42.72933333333333
13,3.958333333333333,29.763666666666666,42.72933333333333
13,4.041666666666667,29.648666666666664,42.72933333333333
13,4.125,29.57333333333333,42.72933333333333
13,4.208333333333334,29.51866666666667,42.72933333333333
13,4.291666666666667,29.47433333333333,42.72933333333333
13,4.375,29.437,42.72933333333333
13,4.458333333333334,29.394666666666662,42.72933333333333
13,4.541666666666667,29.354666666666663,42.72933333333333
13,4.625,29.337,42.72933333333333
13,4.708333333333334,29.313666666666663,42.72933333333333
13,4.791666666666667,29.276333333333334,42.72933333333333
14,0.041666666666666664,42.568333333333335,42.568333333333335
14,0.125,39.838,42.568333333333335
14,0.20833333333333331,35.46433333333333,42.568333333333335
14,0.2916666666666667,35.06433333333333,42.568333333333335
14,0.375,34.775,42.568333333333335
14,0.45833333333333337,33.95100000000001,42.568333333333335
14,0.5416666666666666,33.809333333333335,42.568333333333335
14,0.625,33.364999999999995,42.568333333333335
14,0.7083333333333333,33.276666666666664,42.568333333333335
14,0.7916666666666666,33.22033333333333,42.568333333333335
14,0.875,32.96033333333334,42.568333333333335
15,0.041666666666666664,42.29266666666667,42.29266666666667
15,0.125,41.156666666666666,42.29266666666667
15,0.20833333333333331,35.72233333333333,42.29266666666667
15,0.2916666666666667,35.19866666666667,42.29266666666667
15,0.375,34.201,42.29266666666667
15,0.45833333333333337,33.67733333333333,42.29266666666667
15,0.5416666666666666,33.46333333333333,42.29266666666667
15,0.625,33.324,42.29266666666667
15,0.7083333333333333,33.041000000000004,42.29266666666667
15,0.7916666666666666,32.68300000000001,42.29266666666667
15,2.375,31.19133333333333,42.29266666666667
15,2.458333333333333,31.136666666666667,42.29266666666667
15,2.5416666666666665,31.094,42.29266666666667
15,2.625,31.05833333333333,42.29266666666667
15,2.708333333333333,31.016333333333336,42.29266666666667
15,2.7916666666666665,30.97533333333333,42.29266666666667
15,2.875,30.93533333333333,42.29266666666667
15,2.958333333333333,30.902666666666665,42.29266666666667
15,3.0416666666666665,30.867999999999995,42.29266666666667
15,3.125,30.81533333333333,42.29266666666667
15,3.208333333333333,30.76333333333333,42.29266666666667
15,3.2916666666666665,30.702666666666666,42.29266666666667
15,3.375,30.653666666666663,42.29266666666667
15,3.458333333333333,30.617999999999995,42.29266666666667
16,0.375,35.425,35.425
16,0.4583333333333333,35.257333333333335,35.425
16,0.5416666666666666,35.22033333333333,35.425
16,0.625,34.69566666666667,35.425
16,0.7083333333333333,34.01733333333333,35.425
16,0.7916666666666667,33.78033333333333,35.425
16,0.875,33.68633333333334,35.425
16,0.9583333333333334,33.331333333333326,35.425
16,1.0416666666666665,32.952666666666666,35.425
16,1.125,32.67266666666667,35.425
16,1.2083333333333335,32.66666666666667,35.425
16,1.2916666666666665,32.44466666666667,35.425
16,1.375,32.307,35.425
16,1.4583333333333333,32.17999999999999,35.425
16,1.5416666666666667,32.09133333333333,35.425
16,1.625,31.999666666666663,35.425
16,1.7083333333333333,31.91333333333333,35.425
16,1.7916666666666667,31.843,35.425
16,1.875,31.78100000000001,35.425
16,1.9583333333333333,31.72,35.425
16,2.041666666666667,31.639,35.425
16,2.125,31.54733333333333,35.425
16,2.208333333333333,31.45733333333333,35.425
16,2.291666666666667,31.372333333333337,35.425
16,2.375,31.29666666666667,35.425
16,2.4583333333333335,31.23133333333334,35.425
16,2.5416666666666665,31.16466666666667,35.425
16,2.625,31.106,35.425
16,2.7083333333333335,31.04733333333333,35.425
16,2.7916666666666665,31.00733333333333,35.425
16,2.875,30.97266666666667,35.425
16,2.9583333333333335,30.927666666666664,35.425
16,3.0416666666666665,30.863333333333333,35.425
16,3.125,30.78333333333333,35.425
16,3.2083333333333335,30.712333333333333,35.425
16,3.2916666666666665,30.656,35.425
16,3.375,30.611,35.425
16,3.4583333333333335,30.57733333333333,35.425
16,3.5416666666666665,30.542333333333332,35.425
16,3.625,30.503333333333337,35.425
16,3.7083333333333335,30.463666666666665,35.425
16,3.7916666666666665,30.43333333333333,35.425
16,3.875,30.412666666666667,35.425
16,3.9583333333333335,30.368,35.425
16,4.041666666666666,30.292666666666666,35.425
16,4.125,30.191000000000003,35.425
16,4.208333333333334,30.113,35.425
16,4.291666666666666,30.059,35.425
16,4.375,30.024,35.425
16,4.458333333333333,29.98133333333333,35.425
16,4.541666666666667,29.92633333333333,35.425
16,4.625,29.85966666666667,35.425
16,4.708333333333333,29.814,35.425
16,4.791666666666667,29.778,35.425
16,5.041666666666667,29.57033333333333,35.425
16,5.125,29.465,35.425
16,5.208333333333333,29.375333333333334,35.425
16,5.291666666666667,29.296,35.425
16,5.375,29.226666666666667,35.425
16,5.458333333333333,29.171333333333337,35.425
16,5.541666666666667,29.12133333333333,35.425
16,5.625,29.065999999999995,35.425
16,5.708333333333333,29.027666666666665,35.425
16,5.875,28.936666666666667,35.425
16,5.958333333333333,28.872,35.425
16,6.041666666666667,28.790000000000003,35.425
16,6.125,28.68366666666667,35.425
16,6.208333333333333,28.59766666666666,35.425
16,6.291666666666667,28.52733333333333,35.425
16,6.375,28.46633333333333,35.425
16,6.458333333333333,28.415333333333336,35.425
16,6.541666666666667,28.368666666666662,35.425
16,6.625,28.318666666666665,35.425
16,6.708333333333333,28.266,35.425
16,6.791666666666667,28.227333333333338,35.425
16,6.875,28.199,35.425
16,6.958333333333333,28.14433333333333,35.425
16,7.041666666666667,28.065666666666665,35.425
16,7.125,27.98033333333333,35.425
16,7.208333333333333,27.908666666666665,35.425
16,7.291666666666667,27.84933333333333,35.425
16,7.375,27.800666666666665,35.425
16,7.458333333333333,27.756666666666668,35.425
16,7.541666666666667,27.717666666666663,35.425
16,7.625,27.67833333333333,35.425
16,7.708333333333333,27.64166666666667,35.425
16,7.791666666666667,27.621,35.425
16,7.875,27.595666666666663,35.425
16,7.958333333333333,27.54866666666667,35.425
16,8.041666666666668,27.486666666666668,35.425
16,8.125,27.403666666666663,35.425
16,8.208333333333332,27.331666666666667,35.425
16,8.291666666666668,27.272333333333336,35.425
16,8.375,27.220666666666663,35.425
16,8.458333333333334,27.17633333333333,35.425
16,8.541666666666666,27.138,35.425
16,8.625,27.096000000000004,35.425
16,8.708333333333334,27.05833333333333,35.425
16,8.791666666666666,27.040000000000003,35.425
16,8.875,27.009,35.425
16,8.958333333333334,26.956333333333333,35.425
16,9.041666666666666,26.886000000000003,35.425
16,9.125,26.79733333333333,35.425
16,9.208333333333334,26.71666666666666,35.425
16,9.291666666666666,26.653,35.425
16,9.375,26.603,35.425
16,9.458333333333334,26.55633333333333,35.425
16,9.541666666666666,26.511666666666667,35.425
16,9.625,26.46633333333333,35.425
16,9.708333333333334,26.42633333333333,35.425
16,9.791666666666666,26.401666666666664,35.425
16,9.875,26.37166666666667,35.425
16,9.958333333333334,26.332,35.425
16,10.041666666666666,26.26933333333333,35.425
16,10.125,26.191666666666663,35.425
16,10.208333333333334,26.119333333333337,35.425
16,10.291666666666666,26.062,35.425
16,10.375,26.014666666666663,35.425
16,10.458333333333334,25.977000000000004,35.425
16,10.541666666666666,25.937,35.425
16,10.625,25.900666666666663,35.425
16,10.708333333333334,25.863666666666667,35.425
16,10.791666666666666,25.837666666666667,35.425
16,10.875,25.81933333333333,35.425
16,10.958333333333334,25.79666666666667,35.425
16,11.041666666666666,25.758666666666663,35.425
16,11.125,25.72133333333333,35.425
16,11.208333333333334,25.689,35.425
16,11.291666666666666,25.65966666666667,35.425
16,11.375,25.633333333333333,35.425
16,11.458333333333334,25.610000000000003,35.425
16,11.541666666666666,25.587,35.425
16,11.625,25.565,35.425
16,11.708333333333334,25.54566666666667,35.425
16,11.791666666666666,25.563,35.425
16,11.875,25.633,35.425
16,11.958333333333334,25.614,35.425
16,12.041666666666666,25.579666666666665,35.425
16,12.125,25.529666666666667,35.425
16,12.208333333333334,25.481,35.425
16,12.291666666666666,25.441333333333336,35.425
16,12.375,25.407666666666668,35.425
16,12.458333333333334,25.377,35.425
16,12.541666666666666,25.347,35.425
16,12.625,25.315,35.425
16,12.708333333333334,25.287333333333333,35.425
16,12.791666666666666,25.27233333333333,35.425
16,12.875,25.26933333333333,35.425
16,12.958333333333334,25.261333333333333,35.425
16,13.041666666666666,25.223666666666663,35.425
16,13.125,25.174,35.425
16,13.208333333333334,25.13133333333333,35.425
16,13.291666666666666,25.096,35.425
16,13.375,25.075333333333337,35.425
16,13.458333333333334,25.051666666666662,35.425
16,13.541666666666666,25.03,35.425
16,13.625,25.005666666666663,35.425
16,13.708333333333334,24.98133333333333,35.425
16,13.791666666666666,24.965,35.425
16,13.875,24.961,35.425
16,13.958333333333334,24.94833333333333,35.425
16,14.041666666666666,24.910666666666664,35.425
16,14.125,24.854,35.425
16,14.208333333333334,24.82033333333333,35.425
16,14.291666666666666,24.794666666666664,35.425
16,14.375,24.769666666666662,35.425
16,14.458333333333334,24.751,35.425
16,14.541666666666666,24.729,35.425
16,14.625,24.727,35.425
16,14.708333333333334,24.714,35.425
16,14.791666666666666,24.689666666666668,35.425
16,14.875,24.674666666666667,35.425
16,14.958333333333334,24.66833333333333,35.425
16,15.041666666666666,24.65533333333333,35.425
16,15.125,24.623666666666665,35.425
16,15.208333333333334,24.59133333333333,35.425
16,15.291666666666666,24.561666666666664,35.425
16,15.375,24.538,35.425
16,15.458333333333334,24.521,35.425
16,15.541666666666666,24.50033333333333,35.425
16,15.625,24.478,35.425
16,15.875,24.442666666666664,35.425
16,15.958333333333334,24.431666666666665,35.425
16,16.041666666666664,24.406666666666663,35.425
16,16.125,24.369333333333334,35.425
16,16.208333333333336,24.328333333333333,35.425
16,16.375,24.25733333333333,35.425
16,16.458333333333332,24.226000000000003,35.425
16,16.541666666666668,24.199,35.425
16,16.625,24.169,35.425
16,16.708333333333332,24.139666666666663,35.425
16,16.791666666666668,24.113333333333333,35.425
16,16.875,24.092,35.425
16,16.958333333333332,24.07,35.425
16,17.041666666666668,24.04433333333333,35.425
16,17.125,24.011666666666663,35.425
16,17.208333333333332,23.981,35.425
16,17.291666666666668,23.958,35.425
16,17.375,23.93733333333333,35.425
16,17.458333333333332,23.915666666666667,35.425
16,17.541666666666668,23.89633333333333,35.425
16,17.625,23.90366666666667,35.425
16,17.708333333333332,23.88,35.425
16,17.791666666666668,23.855666666666664,35.425
16,17.875,23.85233333333333,35.425
16,17.958333333333332,23.853666666666665,35.425
16,18.041666666666668,23.84933333333333,35.425
16,18.125,23.839,35.425
16,18.208333333333332,23.82633333333333,35.425
16,18.291666666666668,23.813333333333336,35.425
16,18.375,23.804,35.425
16,18.458333333333332,23.79566666666667,35.425
16,18.541666666666668,23.784,35.425
16,18.625,23.76933333333333,35.425
16,18.708333333333332,23.75766666666667,35.425
16,18.791666666666668,23.749333333333333,35.425
16,18.875,23.755333333333333,35.425
16,18.958333333333332,23.759666666666668,35.425
16,19.041666666666668,23.753666666666668,35.425
16,19.125,23.73,35.425
16,19.208333333333332,23.70433333333333,35.425
16,19.291666666666668,23.681999999999995,35.425
16,19.375,23.66433333333333,35.425
16,19.458333333333332,23.648333333333333,35.425
16,19.541666666666668,23.632,35.425
16,19.625,23.60933333333333,35.425
16,19.708333333333332,23.588666666666665,35.425
16,19.791666666666668,23.579,35.425
16,19.875,23.584333333333333,35.425
16,19.958333333333332,23.58233333333333,35.425
16,20.041666666666668,23.56833333333333,35.425
16,20.125,23.539,35.425
16,20.208333333333332,23.506,35.425
16,20.291666666666668,23.476000000000003,35.425
16,20.375,23.453,35.425
16,20.458333333333332,23.428,35.425
16,20.541666666666668,23.404333333333334,35.425
16,20.625,23.382,35.425
16,20.708333333333332,23.360000000000003,35.425
16,20.791666666666668,23.345,35.425
16,20.875,23.346,35.425
16,20.958333333333332,23.34633333333333,35.425
16,21.041666666666668,23.33333333333333,35.425
16,21.125,23.31,35.425
16,21.208333333333332,23.28066666666667,35.425
16,21.291666666666668,23.25333333333333,35.425
16,21.375,23.229333333333333,35.425
16,21.458333333333332,23.207,35.425
16,21.541666666666668,23.183,35.425
16,21.625,23.159,35.425
16,21.708333333333332,23.139333333333333,35.425
16,21.791666666666668,23.130000000000003,35.425
16,21.875,23.13066666666667,35.425
16,21.958333333333332,23.12633333333333,35.425
16,22.041666666666668,23.10833333333333,35.425
16,22.125,23.087333333333333,35.425
16,22.208333333333332,23.058666666666667,35.425
16,22.291666666666668,23.035666666666668,35.425
16,22.375,23.017666666666667,35.425
16,22.458333333333332,22.996,35.425
16,22.541666666666668,22.97733333333333,35.425
16,22.625,22.949,35.425
16,22.708333333333332,22.93466666666667,35.425
16,22.791666666666668,22.930333333333333,35.425
16,22.875,22.943000000000005,35.425
16,22.958333333333332,22.958333333333336,35.425
16,23.041666666666668,22.957,35.425
16,23.125,22.935666666666663,35.425
16,23.208333333333332,22.91,35.425
16,23.291666666666668,22.889000000000003,35.425
16,23.375,22.863666666666667,35.425
16,23.458333333333332,22.845333333333336,35.425
16,23.541666666666668,22.828,35.425
16,23.625,22.80933333333333,35.425
16,23.708333333333332,22.794,35.425
16,23.791666666666668,22.79266666666667,35.425
16,23.875,22.796666666666667,35.425
16,23.958333333333332,22.798333333333336,35.425
16,24.041666666666668,22.792,35.425
16,24.125,22.77733333333333,35.425
16,24.208333333333332,22.752,35.425
16,24.291666666666668,22.727,35.425
16,24.375,22.706666666666667,35.425
16,24.458333333333332,22.686,35.425
16,24.541666666666668,22.66833333333333,35.425
16,24.625,22.651666666666667,35.425
16,24.708333333333332,22.634,35.425
16,24.791666666666668,22.628,35.425
16,24.875,22.636333333333333,35.425
16,24.958333333333332,22.645333333333333,35.425
16,25.041666666666668,22.636333333333333,35.425
16,25.125,22.598,35.425
16,25.208333333333332,22.565666666666665,35.425
16,25.291666666666668,22.528666666666663,35.425
16,25.375,22.505666666666663,35.425
16,25.458333333333332,22.47433333333333,35.425
16,25.541666666666668,22.444333333333333,35.425
16,25.625,22.41266666666667,35.425
16,25.708333333333332,22.38866666666667,35.425
16,25.791666666666668,22.376,35.425
8,0.45833333333333337,33.62533333333334,33.62533333333334
8,0.5,33.20399999999999,33.62533333333334
8,0.5416666666666667,32.422000000000004,33.62533333333334
8,0.5833333333333334,31.33,33.62533333333334
8,0.625,31.00433333333333,33.62533333333334
8,0.6666666666666667,30.74733333333333,33.62533333333334
8,0.7083333333333334,30.55233333333333,33.62533333333334
8,0.75,30.389333333333333,33.62533333333334
8,0.7916666666666667,30.324,33.62533333333334
8,0.875,30.083,33.62533333333334
8,0.9166666666666667,29.954,33.62533333333334
8,0.9583333333333334,29.75633333333333,33.62533333333334
8,1.0,29.62366666666667,33.62533333333334
8,1.0416666666666667,29.503666666666664,33.62533333333334
8,1.0833333333333335,29.397,33.62533333333334
8,1.125,29.282,33.62533333333334
8,1.1666666666666667,29.17833333333333,33.62533333333334
8,1.2083333333333335,29.101,33.62533333333334
8,1.25,29.05,33.62533333333334
8,1.2916666666666667,28.999333333333333,33.62533333333334
8,1.3333333333333335,28.91633333333333,33.62533333333334
8,1.375,28.82333333333333,33.62533333333334
8,1.4166666666666667,28.735333333333337,33.62533333333334
8,1.4583333333333335,28.643666666666668,33.62533333333334
8,1.5,28.55733333333333,33.62533333333334
8,1.5416666666666665,28.46633333333333,33.62533333333334
12,0.7083333333333333,33.28666666666667,33.28666666666667
12,0.7916666666666666,33.117333333333335,33.28666666666667
12,0.8333333333333333,32.970666666666666,33.28666666666667
12,0.8749999999999999,32.85666666666667,33.28666666666667
12,0.9166666666666666,31.885,33.28666666666667
12,0.9583333333333333,31.353,33.28666666666667
12,1.0,31.223333333333336,33.28666666666667
12,1.0416666666666665,31.149333333333328,33.28666666666667
12,1.0833333333333333,31.03533333333333,33.28666666666667
12,1.125,30.81766666666666,33.28666666666667
12,1.1666666666666665,30.666666666666664,33.28666666666667
12,1.2083333333333333,30.578666666666678,33.28666666666667
12,1.25,30.49033333333333,33.28666666666667
12,1.2916666666666665,30.389,33.28666666666667
12,1.3333333333333333,30.311,33.28666666666667
12,1.375,30.171666666666663,33.28666666666667
12,1.4166666666666665,30.068,33.28666666666667
12,1.4583333333333333,29.922666666666668,33.28666666666667
12,1.5,29.762666666666668,33.28666666666667
12,1.5416666666666665,29.640666666666664,33.28666666666667
12,1.5833333333333333,29.51833333333333,33.28666666666667
12,1.625,29.403,33.28666666666667
12,1.6666666666666665,29.29433333333333,33.28666666666667
12,1.7083333333333333,29.197,33.28666666666667
12,1.7916666666666665,29.02466666666667,33.28666666666667
12,1.8333333333333333,28.95033333333334,33.28666666666667
12,1.875,28.882666666666665,33.28666666666667
12,1.9166666666666665,28.81900000000001,33.28666666666667
12,1.9583333333333333,28.758333333333333,33.28666666666667
12,2.0,28.70266666666667,33.28666666666667
12,2.0416666666666665,28.648000000000003,33.28666666666667
12,2.083333333333333,28.60366666666667,33.28666666666667
12,2.125,28.561333333333334,33.28666666666667
12,2.1666666666666665,28.52233333333333,33.28666666666667
12,2.208333333333333,28.483666666666664,33.28666666666667
12,2.25,28.446666666666665,33.28666666666667
12,2.2916666666666665,28.403666666666663,33.28666666666667
12,2.333333333333333,28.358333333333334,33.28666666666667
12,2.375,28.304,33.28666666666667
12,2.4166666666666665,28.23633333333333,33.28666666666667
12,2.458333333333333,28.171,33.28666666666667
12,2.5,28.091999999999995,33.28666666666667
12,2.5416666666666665,28.007666666666672,33.28666666666667
12,2.583333333333333,27.931,33.28666666666667
12,2.625,27.855333333333327,33.28666666666667
12,2.6666666666666665,27.77533333333333,33.28666666666667
12,2.708333333333333,27.7,33.28666666666667
12,2.791666666666667,27.55833333333333,33.28666666666667
12,2.833333333333333,27.48866666666667,33.28666666666667
12,2.875,27.42166666666667,33.28666666666667
12,2.916666666666667,27.356,33.28666666666667
12,2.958333333333333,27.288666666666664,33.28666666666667
12,3.0,27.220333333333333,33.28666666666667
12,3.041666666666667,27.157000000000004,33.28666666666667
12,3.083333333333333,27.09566666666667,33.28666666666667
12,3.125,27.042333333333332,33.28666666666667
12,3.166666666666667,26.99,33.28666666666667
12,3.208333333333333,26.931666666666672,33.28666666666667
12,3.25,26.867,33.28666666666667
12,3.291666666666667,26.79,33.28666666666667
12,3.333333333333333,26.701,33.28666666666667
11,0.7083333333333333,33.029,33.029
11,0.7499999999999999,33.00866666666667,33.029
11,0.7916666666666666,32.937,33.029
11,0.8333333333333333,32.772666666666666,33.029
11,0.8749999999999999,32.654666666666664,33.029
11,0.9166666666666666,32.443333333333335,33.029
11,0.9583333333333333,31.66633333333333,33.029
11,1.0,31.17033333333334,33.029
11,1.0416666666666665,30.912666666666667,33.029
11,1.0833333333333333,30.817,33.029
11,1.125,30.662333333333333,33.029
11,1.1666666666666665,30.449333333333332,33.029
11,1.2083333333333333,30.15366666666667,33.029
11,1.25,29.96533333333333,33.029
11,1.2916666666666665,29.897333333333336,33.029
11,1.3333333333333333,29.801,33.029
11,1.375,29.747000000000003,33.029
11,1.4166666666666665,29.697666666666663,33.029
11,1.4583333333333333,29.65,33.029
11,1.5,29.59433333333333,33.029
11,1.5833333333333333,29.527666666666665,33.029
11,1.625,29.468666666666667,33.029
11,1.6666666666666665,29.388,33.029
11,1.7083333333333333,29.29266666666667,33.029
11,1.75,29.23233333333333,33.029
11,1.7916666666666665,29.168,33.029
11,1.8333333333333333,29.090000000000003,33.029
11,1.875,29.03033333333333,33.029
11,1.9166666666666665,28.97866666666667,33.029
11,1.9583333333333333,28.93566666666667,33.029
11,2.0,28.906666666666663,33.029
11,2.0416666666666665,28.880666666666663,33.029
11,2.083333333333333,28.846666666666664,33.029
11,2.125,28.811333333333334,33.029
11,2.1666666666666665,28.771666666666665,33.029
11,2.208333333333333,28.70966666666667,33.029
11,2.25,28.62933333333333,33.029
11,2.2916666666666665,28.556666666666665,33.029
11,2.333333333333333,28.48933333333333,33.029
11,2.375,28.432,33.029
11,2.4166666666666665,28.36833333333333,33.029
11,2.458333333333333,28.309000000000005,33.029
11,2.5,28.256666666666668,33.029
11,2.583333333333333,28.167666666666666,33.029
11,2.625,28.169,33.029
11,2.6666666666666665,28.136333333333333,33.029
11,2.708333333333333,28.121,33.029
11,2.75,28.045,33.029
11,2.791666666666667,27.98933333333333,33.029
11,2.833333333333333,27.962333333333333,33.029
11,2.875,27.93466666666667,33.029
11,2.916666666666667,27.891333333333336,33.029
9,1.7916666666666667,31.493,31.493
9,1.8333333333333335,31.396666666666665,31.493
9,1.875,31.26233333333333,31.493
9,1.9166666666666667,31.127666666666663,31.493
9,1.9583333333333335,31.014333333333333,31.493
9,2.0,30.904333333333334,31.493
9,2.041666666666667,30.85,31.493
9,2.0833333333333335,30.675,31.493
9,2.125,30.408000000000005,31.493
9,2.166666666666667,30.199,31.493
9,2.2083333333333335,30.156,31.493
9,2.25,29.993666666666662,31.493
9,2.291666666666667,29.85,31.493
9,2.3333333333333335,29.72433333333333,31.493
9,2.375,29.645000000000003,31.493
9,2.416666666666667,29.549666666666667,31.493
9,2.4583333333333335,29.40933333333333,31.493
9,2.5,29.29733333333333,31.493
9,2.541666666666667,29.19133333333333,31.493
9,2.5833333333333335,29.105666666666668,31.493
9,2.625,28.986666666666668,31.493
9,2.666666666666667,28.877333333333333,31.493
9,2.7083333333333335,28.779000000000003,31.493
9,2.791666666666667,28.648333333333333,31.493
9,2.8333333333333335,28.595333333333333,31.493
9,2.875,28.553666666666665,31.493
9,2.916666666666667,28.52133333333333,31.493
9,2.9583333333333335,28.486,31.493
9,3.0,28.459,31.493
9,3.041666666666667,28.43133333333333,31.493
9,3.0833333333333335,28.39433333333333,31.493
9,3.125,28.355666666666668,31.493
9,3.166666666666667,28.307666666666663,31.493
9,3.2083333333333335,28.275666666666663,31.493
9,3.25,28.28266666666667,31.493
9,3.291666666666667,28.26933333333334,31.493
10,1.7916666666666667,31.474,31.474
10,1.8333333333333335,31.19233333333333,31.474
10,1.875,30.78533333333333,31.474
10,1.9166666666666667,30.700666666666667,31.474
10,2.0,30.56833333333334,31.474
10,2.041666666666667,30.497000000000003,31.474
10,2.0833333333333335,30.37366666666667,31.474
10,2.125,30.24866666666667,31.474
10,2.166666666666667,30.146,31.474
10,2.2083333333333335,29.94533333333333,31.474
10,2.25,29.79533333333334,31.474
10,2.291666666666667,29.72133333333333,31.474
10,2.3333333333333335,29.64333333333333,31.474
10,2.375,29.641333333333336,31.474
3,4.708333333333333,29.81566666666667,29.81566666666667
3,4.791666666666666,29.701666666666664,29.81566666666667
3,4.875,29.45333333333333,29.81566666666667
3,4.958333333333333,28.531333333333333,29.81566666666667
3,5.041666666666666,26.708666666666662,29.81566666666667
3,5.125,26.438,29.81566666666667
3,5.208333333333333,26.349666666666668,29.81566666666667
3,5.291666666666666,26.25333333333333,29.81566666666667
3,5.375,26.084000000000003,29.81566666666667
3,5.458333333333333,25.863666666666667,29.81566666666667
3,5.541666666666666,25.598000000000003,29.81566666666667
3,5.625,25.39766666666667,29.81566666666667
3,5.708333333333333,25.234,29.81566666666667
3,5.791666666666666,25.016,29.81566666666667
3,5.875,24.786,29.81566666666667
3,5.958333333333333,24.479333333333333,29.81566666666667
3,6.041666666666666,24.19966666666667,29.81566666666667
3,6.208333333333333,23.87033333333333,29.81566666666667
3,6.291666666666666,23.800999999999995,29.81566666666667
3,6.375,23.731,29.81566666666667
3,6.458333333333333,23.677666666666667,29.81566666666667
3,6.541666666666666,23.656333333333333,29.81566666666667
2,1.7083333333333333,29.206,29.206
2,1.7916666666666665,29.184999999999995,29.206
2,1.875,29.066666666666663,29.206
2,1.9583333333333333,28.850666666666665,29.206
2,2.0416666666666665,28.626,29.206
2,2.125,28.329666666666668,29.206
2,2.208333333333333,25.974666666666668,29.206
2,2.2916666666666665,25.14,29.206
2,2.375,24.514666666666663,29.206
2,2.458333333333333,24.16166666666667,29.206
2,2.5416666666666665,23.971,29.206
2,2.625,23.81533333333333,29.206
2,2.708333333333333,23.81833333333333,29.206
2,2.7916666666666665,23.800000000000004,29.206
2,2.875,23.720666666666663,29.206
2,2.958333333333333,23.645666666666664,29.206
2,3.0416666666666665,23.54533333333333,29.206
2,3.208333333333333,23.4039,29.206
2,3.2916666666666665,23.32026666666667,29.206
2,3.375,23.23543333333333,29.206
2,3.458333333333333,23.14163333333333,29.206
2,3.5416666666666665,23.02893333333333,29.206
2,3.625,22.93406666666667,29.206
2,3.708333333333333,22.849733333333333,29.206
2,3.875,22.693666666666665,29.206
2,3.958333333333333,22.620766666666665,29.206
2,4.125,22.473566666666663,29.206
5,8.291666666666668,27.272333333333336,27.272333333333336
5,8.375000000000002,26.950666666666667,27.272333333333336
5,8.458333333333334,25.57033333333333,27.272333333333336
5,8.541666666666668,25.439,27.272333333333336
5,8.625000000000002,25.09133333333333,27.272333333333336
5,8.708333333333334,24.764333333333333,27.272333333333336
5,8.791666666666668,24.267000000000003,27.272333333333336
5,8.875000000000002,24.175666666666668,27.272333333333336
5,8.958333333333334,24.09733333333333,27.272333333333336
5,9.041666666666668,23.961,27.272333333333336
5,9.125000000000002,23.829666666666668,27.272333333333336
5,9.208333333333334,23.669666666666664,27.272333333333336
5,9.291666666666668,23.494533333333333,27.272333333333336
5,9.375000000000002,23.37973333333333,27.272333333333336
5,9.458333333333334,23.2571,27.272333333333336
5,9.541666666666668,23.063133333333333,27.272333333333336
5,9.625000000000002,22.807133333333333,27.272333333333336
5,9.708333333333334,22.5408,27.272333333333336
5,9.791666666666668,22.4573,27.272333333333336
5,9.875000000000002,22.35323333333333,27.272333333333336
5,9.958333333333334,22.284333333333333,27.272333333333336
5,10.041666666666668,22.24283333333333,27.272333333333336
5,10.125000000000002,22.2057,27.272333333333336
5,10.208333333333334,22.1608,27.272333333333336
5,10.291666666666668,22.13273333333333,27.272333333333336
5,10.375000000000002,22.049933333333332,27.272333333333336
5,10.458333333333334,21.88593333333333,27.272333333333336
5,10.541666666666668,21.68463333333333,27.272333333333336
5,10.625000000000002,21.4955,27.272333333333336
5,10.708333333333334,22.231333333333332,27.272333333333336
5,10.791666666666668,22.05196666666667,27.272333333333336
5,10.875000000000002,21.98923333333333,27.272333333333336
5,10.958333333333334,21.96933333333333,27.272333333333336
5,11.041666666666668,21.952166666666667,27.272333333333336
5,11.125000000000002,21.92833333333333,27.272333333333336
5,11.208333333333334,21.89033333333333,27.272333333333336
5,11.291666666666668,21.867633333333337,27.272333333333336
5,11.375000000000002,21.8123,27.272333333333336
5,11.458333333333334,21.695633333333333,27.272333333333336
5,11.541666666666668,21.5073,27.272333333333336
5,11.625000000000002,21.31863333333333,27.272333333333336
5,11.708333333333334,21.151833333333336,27.272333333333336
5,11.791666666666668,21.009300000000003,27.272333333333336
5,11.875000000000002,20.9007,27.272333333333336
5,11.958333333333334,20.82286666666667,27.272333333333336
5,12.041666666666668,20.75623333333333,27.272333333333336
5,12.125000000000002,20.6948,27.272333333333336
5,12.208333333333334,20.636833333333332,27.272333333333336
5,12.291666666666668,20.570533333333337,27.272333333333336
5,12.375,20.451500000000003,27.272333333333336
5,12.458333333333336,20.3298,27.272333333333336
5,12.541666666666668,20.200266666666668,27.272333333333336
5,12.625,20.050633333333334,27.272333333333336
5,12.708333333333336,19.92236666666667,27.272333333333336
5,12.791666666666668,19.819133333333333,27.272333333333336
5,12.958333333333336,19.690900000000003,27.272333333333336
5,13.041666666666668,19.6424,27.272333333333336
5,13.125,19.59706666666667,27.272333333333336
5,13.208333333333336,19.55933333333333,27.272333333333336
5,13.291666666666668,19.551466666666663,27.272333333333336
5,13.375,19.506433333333334,27.272333333333336
5,13.458333333333336,19.445933333333333,27.272333333333336
5,13.541666666666668,19.362366666666667,27.272333333333336
5,13.625,19.3183,27.272333333333336
1,8.708333333333334,27.074,27.074
1,8.791666666666668,24.61286666666667,27.074
1,8.875,22.564533333333333,27.074
1,8.958333333333334,22.089966666666665,27.074
1,9.041666666666668,21.091,27.074
1,9.125,21.080466666666663,27.074
1,9.208333333333334,21.0263,27.074
1,9.291666666666668,20.848266666666667,27.074
1,9.375,20.6362,27.074
1,9.458333333333334,20.5144,27.074
1,9.541666666666668,20.29133333333333,27.074
1,9.625,20.0896,27.074
1,9.708333333333334,19.82326666666667,27.074
1,9.791666666666668,19.377166666666664,27.074
1,9.875,18.988733333333336,27.074
1,9.958333333333334,18.83813333333333,27.074
1,10.041666666666668,18.69993333333333,27.074
1,10.125,18.4782,27.074
1,10.208333333333334,18.366466666666668,27.074
1,10.291666666666668,18.28523333333333,27.074
1,10.375,18.2783,27.074
1,10.458333333333334,18.1929,27.074
1,10.541666666666668,18.074866666666665,27.074
1,10.625,17.984266666666667,27.074
1,10.708333333333334,17.885166666666667,27.074
1,10.791666666666668,17.782566666666668,27.074
1,10.875,17.662766666666666,27.074
1,10.958333333333334,17.533033333333332,27.074
1,11.041666666666668,17.414433333333335,27.074
1,11.125,17.3067,27.074
1,11.208333333333334,17.216033333333336,27.074
1,11.291666666666668,17.136133333333337,27.074
1,11.375,17.0691,27.074
1,11.458333333333334,17.000666666666667,27.074
1,11.541666666666668,16.942733333333333,27.074
1,11.625,16.896566666666665,27.074
1,11.708333333333334,16.860166666666665,27.074
1,11.791666666666668,16.80976666666667,27.074
1,11.875,16.7371,27.074
1,11.958333333333334,16.639766666666667,27.074
1,12.041666666666668,16.5143,27.074
1,12.125,16.343,27.074
1,12.208333333333334,16.2215,27.074
1,12.291666666666668,16.1325,27.074
1,12.375,16.051366666666667,27.074
1,12.458333333333334,15.970266666666666,27.074
1,12.541666666666668,15.894866666666667,27.074
1,12.625,15.854100000000004,27.074
1,12.708333333333334,15.8197,27.074
1,12.791666666666668,15.758566666666669,27.074
1,12.875,15.685733333333332,27.074
1,12.958333333333334,15.598166666666666,27.074
1,13.041666666666668,15.514866666666668,27.074
1,13.125,15.441233333333336,27.074
1,13.208333333333334,15.374033333333331,27.074
1,13.291666666666668,15.317666666666668,27.074
1,13.375,15.267166666666668,27.074
1,13.458333333333334,15.212733333333336,27.074
1,13.541666666666668,15.174166666666668,27.074
1,13.625,15.143966666666667,27.074
1,13.708333333333334,15.1244,27.074
1,13.791666666666668,15.0839,27.074
1,13.875,15.0367,27.074
1,13.958333333333334,14.970366666666669,27.074
1,14.041666666666668,14.8953,27.074
1,14.125,14.835933333333331,27.074
1,14.208333333333334,14.7856,27.074
1,14.291666666666668,14.7339,27.074
1,14.375,14.6925,27.074
1,14.458333333333334,14.647733333333337,27.074
1,14.541666666666668,14.614,27.074
1,14.625,14.605033333333331,27.074
1,14.708333333333334,14.588433333333333,27.074
1,14.791666666666668,14.556733333333336,27.074
1,14.875,14.5109,27.074
1,14.958333333333334,14.451133333333331,27.074
1,15.041666666666668,14.395033333333334,27.074
1,15.125,14.346066666666667,27.074
4,9.541666666666666,26.489666666666665,26.489666666666665
4,9.625,26.249666666666663,26.489666666666665
4,9.708333333333332,26.20533333333333,26.489666666666665
4,9.791666666666666,26.102,26.489666666666665
4,9.875,26.081666666666667,26.489666666666665
4,9.958333333333332,26.06766666666666,26.489666666666665
4,10.041666666666666,26.02266666666667,26.489666666666665
4,10.125,25.94333333333333,26.489666666666665
4,10.208333333333332,25.844666666666665,26.489666666666665
4,10.291666666666666,25.723666666666663,26.489666666666665
4,10.375,25.366666666666667,26.489666666666665
4,10.458333333333332,25.07,26.489666666666665
4,10.541666666666666,24.880666666666663,26.489666666666665
4,10.625,24.518333333333334,26.489666666666665
4,10.708333333333332,24.181,26.489666666666665
4,10.791666666666666,23.886000000000003,26.489666666666665
4,10.875,23.703,26.489666666666665
4,10.958333333333332,23.60633333333333,26.489666666666665
4,11.041666666666666,23.5104,26.489666666666665
4,11.125,23.3914,26.489666666666665
4,11.208333333333332,23.29823333333333,26.489666666666665
4,11.291666666666666,23.222166666666663,26.489666666666665
4,11.375,23.17353333333333,26.489666666666665
4,11.458333333333332,23.118033333333333,26.489666666666665
4,11.541666666666666,23.0432,26.489666666666665
4,11.625,22.95173333333333,26.489666666666665
4,11.708333333333332,22.8613,26.489666666666665
4,11.791666666666666,22.770666666666664,26.489666666666665
4,11.875,22.694366666666667,26.489666666666665
4,11.958333333333332,22.63543333333333,26.489666666666665
4,12.041666666666666,22.579233333333335,26.489666666666665
4,12.125,22.5245,26.489666666666665
4,12.208333333333332,22.4732,26.489666666666665
4,12.291666666666666,22.4115,26.489666666666665
4,12.375,22.32306666666667,26.489666666666665
4,12.458333333333332,22.1344,26.489666666666665
4,12.541666666666666,21.91723333333333,26.489666666666665
4,12.625,21.75093333333333,26.489666666666665
4,12.708333333333332,21.6275,26.489666666666665
4,12.791666666666666,21.535266666666665,26.489666666666665
4,12.875,21.4689,26.489666666666665
4,12.958333333333332,21.41283333333333,26.489666666666665
4,13.041666666666666,21.358666666666664,26.489666666666665
4,13.125,21.298266666666667,26.489666666666665
4,13.208333333333332,21.23623333333333,26.489666666666665
4,13.291666666666666,21.15123333333333,26.489666666666665
4,13.375,21.055733333333333,26.489666666666665
6,12.125000000000002,20.6816,20.6816
6,12.208333333333336,20.38213333333333,20.6816
6,12.291666666666668,20.26383333333333,20.6816
6,12.375000000000002,20.2393,20.6816
6,12.458333333333336,20.23913333333333,20.6816
6,12.541666666666668,20.241300000000003,20.6816
6,12.625000000000002,20.240166666666667,20.6816
6,12.708333333333336,20.232966666666663,20.6816
6,12.791666666666668,20.255766666666663,20.6816
6,12.875000000000002,20.264266666666668,20.6816
6,12.958333333333336,20.271300000000004,20.6816
6,13.041666666666668,20.23923333333333,20.6816
6,13.125000000000002,20.167233333333336,20.6816
6,13.208333333333336,20.079066666666662,20.6816
6,13.291666666666668,19.98593333333333,20.6816
6,13.375000000000002,19.923866666666665,20.6816
6,13.458333333333336,19.8712,20.6816
6,13.541666666666668,19.829600000000003,20.6816
6,13.625000000000002,19.790366666666667,20.6816
6,13.708333333333336,19.7603,20.6816
6,13.791666666666668,19.747366666666668,20.6816
6,13.875000000000002,19.6993,20.6816
6,13.958333333333336,19.644666666666662,20.6816
6,14.041666666666668,19.5595,20.6816
6,14.125000000000002,19.446266666666663,20.6816
6,14.208333333333336,19.321133333333336,20.6816
6,14.291666666666668,19.217633333333332,20.6816
6,14.375000000000002,19.1505,20.6816
6,14.458333333333336,19.108466666666665,20.6816
6,14.541666666666668,19.069366666666664,20.6816
6,14.625000000000002,19.033033333333336,20.6816
6,14.708333333333336,19.00156666666667,20.6816
6,14.791666666666668,18.98646666666667,20.6816
6,14.875000000000002,18.9496,20.6816
6,14.958333333333336,18.908066666666667,20.6816
6,15.041666666666668,18.837366666666668,20.6816
6,15.125000000000002,18.74953333333333,20.6816
6,15.208333333333336,18.637633333333333,20.6816
6,15.291666666666668,18.552633333333333,20.6816
6,15.375000000000002,18.4954,20.6816
6,15.458333333333336,18.4549,20.6816
6,15.541666666666668,18.41623333333333,20.6816
6,15.625000000000002,18.3847,20.6816
6,15.708333333333336,18.355633333333337,20.6816
6,15.791666666666668,18.340633333333333,20.6816
6,15.875000000000002,18.31133333333333,20.6816
6,15.958333333333336,18.27436666666667,20.6816
6,16.041666666666668,18.2177,20.6816
6,16.125,18.14723333333333,20.6816
6,16.208333333333336,18.069133333333333,20.6816
6,16.291666666666668,17.99,20.6816
6,16.375,17.928766666666668,20.6816
6,16.458333333333336,17.875866666666667,20.6816
6,16.541666666666668,17.8281,20.6816
6,16.625,17.786933333333334,20.6816
6,16.708333333333336,17.74973333333333,20.6816
6,16.791666666666668,17.721500000000002,20.6816
6,16.875,17.701633333333334,20.6816
6,16.958333333333336,17.68136666666667,20.6816
6,17.041666666666668,17.6475,20.6816
6,17.125,17.60546666666667,20.6816
6,17.208333333333336,17.555200000000003,20.6816
6,17.291666666666668,17.489233333333335,20.6816
6,17.375,17.4415,20.6816
6,17.458333333333336,17.39913333333333,20.6816
6,17.541666666666668,17.359266666666663,20.6816
6,17.625,17.3233,20.6816
6,17.708333333333336,17.2867,20.6816
6,17.791666666666668,17.274933333333333,20.6816
6,17.875,17.25523333333333,20.6816
6,17.958333333333336,17.24556666666667,20.6816
6,18.041666666666668,17.2331,20.6816
6,18.125,17.2054,20.6816
6,18.208333333333336,17.158400000000004,20.6816
6,18.291666666666668,17.107000000000003,20.6816
6,18.375,17.058,20.6816
6,18.458333333333336,17.01786666666667,20.6816
6,18.541666666666668,16.979433333333333,20.6816
6,18.625,16.942533333333333,20.6816
6,18.708333333333336,16.906100000000002,20.6816
6,18.791666666666668,16.893666666666668,20.6816
6,18.875,16.895533333333333,20.6816
6,18.958333333333336,16.902033333333335,20.6816
6,19.041666666666668,16.88516666666667,20.6816
6,19.125,16.850733333333334,20.6816
6,19.208333333333336,16.794900000000002,20.6816
6,19.291666666666668,16.744566666666664,20.6816
6,19.375,16.7027,20.6816
6,19.458333333333336,16.665399999999998,20.6816
6,19.541666666666668,16.633166666666664,20.6816
6,19.625,16.593033333333334,20.6816
6,19.708333333333336,16.555433333333333,20.6816
6,19.791666666666668,16.541733333333333,20.6816
6,19.875,16.547933333333336,20.6816
6,19.958333333333336,16.564766666666664,20.6816
6,20.041666666666668,16.562433333333335,20.6816
6,20.125,16.540100000000002,20.6816
6,20.208333333333336,16.496299999999998,20.6816
6,20.291666666666668,16.442133333333334,20.6816
6,20.375,16.398866666666667,20.6816
6,20.458333333333336,16.362233333333332,20.6816
6,20.541666666666668,16.333333333333336,20.6816
6,20.625,16.301566666666666,20.6816
6,20.708333333333336,16.271366666666665,20.6816
6,20.791666666666668,16.268566666666665,20.6816
6,20.875,16.2818,20.6816
6,20.958333333333336,16.291766666666668,20.6816
6,21.041666666666668,16.283966666666664,20.6816
6,21.125,16.272166666666667,20.6816
6,21.208333333333336,16.2444,20.6816
6,21.291666666666668,16.199466666666666,20.6816
6,21.375,16.1606,20.6816
6,21.458333333333336,16.1201,20.6816
6,21.541666666666668,16.084766666666667,20.6816
6,21.625,16.04973333333333,20.6816
6,21.708333333333336,16.019133333333333,20.6816
6,21.791666666666668,16.018266666666666,20.6816
6,21.875,16.026466666666668,20.6816
6,21.958333333333336,16.033366666666666,20.6816
6,22.041666666666668,16.0283,20.6816
6,22.125,16.019433333333332,20.6816
6,22.208333333333336,15.985533333333333,20.6816
6,22.291666666666668,15.950099999999996,20.6816
6,22.375,15.915333333333333,20.6816
6,22.458333333333336,15.8826,20.6816
6,22.541666666666668,15.853966666666668,20.6816
6,22.625,15.825,20.6816
6,22.708333333333336,15.79776666666667,20.6816
6,22.791666666666668,15.795133333333334,20.6816
6,22.875,15.817133333333334,20.6816
6,22.958333333333336,15.837433333333331,20.6816
6,23.041666666666668,15.845633333333334,20.6816
6,23.125,15.828399999999998,20.6816
6,23.208333333333336,15.7657,20.6816
6,23.291666666666668,15.7357,20.6816
6,23.375,15.700133333333332,20.6816
6,23.458333333333336,15.670233333333334,20.6816
6,23.541666666666668,15.6477,20.6816
6,23.625,15.623766666666665,20.6816
6,23.708333333333336,15.5994,20.6816
6,23.791666666666668,15.601566666666669,20.6816
6,23.875,15.622166666666669,20.6816
6,23.958333333333336,15.642733333333334,20.6816
6,24.041666666666668,15.651800000000003,20.6816
6,24.916666666666668,15.481233333333332,20.6816
6,24.958333333333336,15.492466666666669,20.6816
6,25.041666666666668,15.499033333333331,20.6816
6,25.125,15.4799,20.6816
6,25.208333333333336,15.4405,20.6816
6,25.291666666666668,15.3813,20.6816
6,25.375,15.3536,20.6816
6,25.458333333333336,15.33863333333333,20.6816
6,25.541666666666668,15.326733333333332,20.6816
6,25.625,15.306166666666666,20.6816
6,25.708333333333336,15.285999999999998,20.6816
6,25.791666666666668,15.2957,20.6816
6,25.875,15.326200000000004,20.6816
6,25.958333333333336,15.355766666666664,20.6816
6,26.041666666666668,15.385033333333334,20.6816
6,26.125,15.401299999999996,20.6816
6,26.208333333333336,15.400266666666669,20.6816
6,26.291666666666668,15.375766666666667,20.6816
6,26.375,15.328733333333336,20.6816
6,26.458333333333336,15.313733333333335,20.6816
6,26.541666666666668,15.301633333333331,20.6816
6,26.625,15.2864,20.6816
6,26.708333333333336,15.2685,20.6816
6,26.791666666666668,15.2757,20.6816
6,26.875,15.299733333333332,20.6816
6,26.958333333333336,15.324066666666669,20.6816
6,27.041666666666668,15.349833333333336,20.6816
6,27.125,15.352,20.6816
6,27.458333333333336,15.231833333333332,20.6816
6,27.541666666666668,15.219966666666668,20.6816
6,27.625,15.210866666666666,20.6816
6,27.708333333333336,15.2006,20.6816
6,27.791666666666668,15.203366666666668,20.6816
6,27.875,15.2214,20.6816
6,27.958333333333336,15.243866666666667,20.6816
6,28.041666666666668,15.262566666666666,20.6816
6,28.125,15.245666666666663,20.6816
6,28.208333333333336,15.223066666666668,20.6816
6,28.29166666666667,15.195566666666668,20.6816
6,28.375,15.174599999999998,20.6816
6,28.458333333333336,15.1613,20.6816
6,28.54166666666667,15.146866666666664,20.6816
6,28.625,15.130933333333337,20.6816
6,28.708333333333336,15.115533333333332,20.6816
0,20.625,16.3077,16.3077
0,20.708333333333332,16.10743333333333,16.3077
0,20.791666666666668,15.800833333333332,16.3077
0,20.875,15.5936,16.3077
0,20.958333333333332,15.4345,16.3077
0,21.041666666666668,15.014066666666668,16.3077
0,21.125,14.9175,16.3077
0,21.208333333333332,14.816299999999998,16.3077
0,21.291666666666668,14.750466666666664,16.3077
0,21.375,14.685666666666666,16.3077
0,21.458333333333332,14.422666666666666,16.3077
0,21.541666666666668,14.1487,16.3077
0,21.625,14.208966666666663,16.3077
0,21.708333333333332,14.174400000000002,16.3077
0,21.791666666666668,14.048466666666666,16.3077
0,21.875,13.798933333333329,16.3077
0,21.958333333333332,13.618266666666669,16.3077
0,22.041666666666668,13.446633333333336,16.3077
0,22.125,13.293066666666666,16.3077
0,22.208333333333332,13.22186666666667,16.3077
0,22.291666666666668,13.121166666666667,16.3077
0,22.375,13.065566666666664,16.3077
0,22.458333333333332,13.0165,16.3077
0,22.541666666666668,12.973866666666666,16.3077
0,22.625,13.14906666666667,16.3077
0,22.708333333333332,13.115866666666664,16.3077
0,22.791666666666668,12.975066666666669,16.3077
0,22.875,12.896033333333335,16.3077
0,22.958333333333332,12.753066666666664,16.3077
0,23.041666666666668,12.636666666666668,16.3077
0,23.125,12.547833333333331,16.3077
