date,RHOA
2024-03-01 12:00:00,29.829753924858224
2024-03-18 01:00:00,30.976266620180667
2024-03-18 03:00:00,31.014957900596443
2024-03-18 11:00:00,30.566696535096007
2024-03-18 13:00:00,30.486764578986698
2024-03-18 15:00:00,30.533938619565987
2024-03-18 17:00:00,30.64888543739415
2024-03-18 19:00:00,30.731779309125432
2024-03-18 21:00:00,30.74396030501006
2024-03-18 23:00:00,30.764154193015948
2024-03-19 01:00:00,30.789383908121593
2024-03-19 03:00:00,30.810168027105085
2024-03-19 11:00:00,30.93007324195022
2024-03-19 13:00:00,30.92548803615737
2024-03-19 15:00:00,31.004719589639066
2024-03-19 17:00:00,31.1174184176702
2024-03-19 19:00:00,31.004580296451017
2024-03-19 21:00:00,31.07940519914481
2024-03-19 23:00:00,31.108946733024446
2024-03-20 01:00:00,31.133187564971685
2024-03-20 03:00:00,31.21255271157177
2024-03-20 11:00:00,30.775381850887978
2024-03-20 13:00:00,30.68392592865904
2024-03-20 15:00:00,30.7259434268899
2024-03-20 17:00:00,30.69710805623936
2024-03-20 19:00:00,30.764617895338425
2024-03-20 21:00:00,30.786708983150913
2024-03-20 23:00:00,30.834010048750507
2024-03-21 01:00:00,30.868774634011395
2024-03-21 03:00:00,30.90816394398032
2024-03-21 11:00:00,30.305566251369335
2024-03-21 13:00:00,30.2151763846158
2024-03-21 15:00:00,30.276156508175223
2024-03-21 17:00:00,30.401496662459987
2024-03-21 19:00:00,30.525311926743974
2024-03-21 21:00:00,30.555349441031318
2024-03-21 23:00:00,30.590213443914635
2024-03-22 01:00:00,30.688172350053073
2024-03-22 03:00:00,30.736931312316567
2024-03-22 11:00:00,30.652529341722122
2024-03-22 13:00:00,30.562774575494814
2024-03-22 15:00:00,30.535697308616996
2024-03-22 17:00:00,30.607766916642746
2024-03-22 19:00:00,30.622079052698837
2024-03-22 21:00:00,30.67089225868981
2024-03-22 23:00:00,30.697832852290475
2024-03-23 01:00:00,30.737228312177102
2024-03-23 03:00:00,30.777301905109113
2024-03-23 11:00:00,29.84811913355764
2024-03-23 13:00:00,29.459660289468165
2024-03-23 15:00:00,29.49028752984647
2024-03-23 17:00:00,29.441812393828897
2024-03-23 19:00:00,29.495134249430475
2024-03-23 21:00:00,29.528636521679232
2024-03-23 23:00:00,29.47179210881501
2024-03-24 01:00:00,29.5562531955266
2024-03-24 03:00:00,29.57835635266906
2024-03-24 11:00:00,29.148791565907196
2024-03-24 13:00:00,29.03325821939567
2024-03-24 15:00:00,28.985217046142466
2024-03-24 17:00:00,29.07372445819759
2024-03-24 19:00:00,29.17658380791208
2024-03-24 21:00:00,29.224262392200117
2024-03-24 23:00:00,29.27575461554469
2024-03-25 01:00:00,29.322042817209123
2024-03-25 03:00:00,29.377005507176996
2024-03-25 11:00:00,29.325730486050837
2024-03-25 13:00:00,29.36067225471799
2024-03-25 15:00:00,29.510196276581212
2024-03-25 17:00:00,29.683805721406543
2024-03-25 21:00:00,29.81930303200881
2024-03-25 23:00:00,29.83905856455432
2024-03-26 01:00:00,29.844258398363355
2024-03-26 03:00:00,29.893849729435345
2024-03-26 11:00:00,29.309756174865093
2024-03-26 13:00:00,29.32915988393171
2024-03-26 15:00:00,29.65441841496654
2024-03-26 17:00:00,29.82095207042724
2024-03-26 19:00:00,29.93451918842196
2024-03-26 21:00:00,30.030436279942585
2024-03-26 23:00:00,30.11040994886634
2024-03-27 01:00:00,30.185543790428994
2024-03-27 03:00:00,30.279758232267852
2024-03-27 11:00:00,29.356082700571168
2024-03-27 13:00:00,29.263171408680954
2024-03-27 17:00:00,29.372323852469258
2024-03-27 19:00:00,29.446789298313618
2024-03-27 21:00:00,29.485299237284394
2024-03-27 23:00:00,29.533421538347504
2024-03-28 01:00:00,29.575693453206043
2024-03-28 03:00:00,29.608452497458345
2024-03-28 11:00:00,29.591729269496387
2024-03-28 13:00:00,29.493554928021226
2024-03-28 15:00:00,29.48818123617567
2024-03-28 17:00:00,29.572627184025798
2024-03-28 19:00:00,29.604678626834225
2024-03-28 21:00:00,29.640073198532445
2024-03-28 23:00:00,29.668202224853665
2024-03-29 01:00:00,29.70165566940387
2024-03-29 03:00:00,29.730982326266655
2024-03-29 11:00:00,29.69837383456258
2024-03-29 13:00:00,29.68111542468246
2024-03-29 15:00:00,29.675058516719517
2024-03-29 17:00:00,29.721144456534134
2024-03-29 19:00:00,29.814593685505173
2024-03-29 21:00:00,29.88870908008653
2024-03-29 23:00:00,29.920592421614856
2024-03-30 01:00:00,29.947451843076504
2024-03-30 03:00:00,29.970623947819412
2024-03-30 11:00:00,29.828203089180473
2024-03-30 13:00:00,29.272571456553656
2024-03-30 15:00:00,29.086494996816818
2024-03-30 17:00:00,29.123548899004035
2024-03-30 19:00:00,29.170584953231554
2024-03-30 21:00:00,29.182160743440733
2024-03-30 23:00:00,29.198149793545646
2024-03-31 01:00:00,29.214044544697046
2024-03-31 03:00:00,29.252295992902205
2024-03-31 11:00:00,29.440691832369303
2024-03-31 13:00:00,29.461293151489407
2024-03-31 15:00:00,29.52312722063982
2024-03-31 17:00:00,29.626204234697646
2024-03-31 19:00:00,29.65229961293439
2024-03-31 21:00:00,29.73762716700709
2024-03-31 23:00:00,29.721912665053885
2024-04-01 01:00:00,29.754800770537667
2024-04-01 03:00:00,29.66958954200961
2024-04-01 11:00:00,28.95001502891983
2024-04-01 13:00:00,28.961773055654668
2024-04-01 15:00:00,29.04815544288509
2024-04-01 17:00:00,29.16028779758407
2024-04-01 19:00:00,29.178946886297904
2024-04-01 21:00:00,29.215701991611432
2024-04-01 23:00:00,29.241715671938735
2024-04-02 01:00:00,29.265823441915707
2024-04-02 03:00:00,29.29834169867999
2024-04-02 11:00:00,29.269059406411728
2024-04-02 13:00:00,29.211905234951324
2024-04-02 15:00:00,29.256904385720965
2024-04-02 17:00:00,29.309446551730368
2024-04-02 19:00:00,29.369905159925107
2024-04-02 21:00:00,29.405795836841605
2024-04-02 23:00:00,29.417822055482453
2024-04-03 01:00:00,29.447692327527207
2024-04-03 03:00:00,29.486287092483902
2024-04-03 11:00:00,29.55663153235291
2024-04-03 13:00:00,29.622396854018483
2024-04-03 15:00:00,29.73561047145167
2024-04-03 17:00:00,29.840893040364065
2024-04-03 19:00:00,29.886932494516167
2024-04-03 21:00:00,29.926346355462744
2024-04-03 23:00:00,29.957401291414993
2024-04-04 01:00:00,29.98193467047586
2024-04-04 03:00:00,30.032357200009706
2024-04-04 11:00:00,29.070463169575575
2024-04-04 13:00:00,28.85429092059529
2024-04-04 15:00:00,28.918412533454756
2024-04-04 17:00:00,28.80534641436528
2024-04-04 19:00:00,28.865929285244476
2024-04-04 21:00:00,28.789323161229614
2024-04-04 23:00:00,28.844302806007835
2024-04-05 01:00:00,28.892835041317312
2024-04-05 03:00:00,28.952119010634654
2024-04-05 11:00:00,28.818623893055396
2024-04-05 13:00:00,28.80656517429673
2024-04-05 15:00:00,28.874162338856717
2024-04-05 17:00:00,28.87626616857802
2024-04-05 19:00:00,28.972932124190944
2024-04-05 21:00:00,29.01634196679835
2024-04-05 23:00:00,29.058418728482547
2024-04-06 01:00:00,29.095230438722417
2024-04-06 03:00:00,29.14840353131271
2024-04-06 11:00:00,28.965349460462022
2024-04-06 13:00:00,27.83049374776244
2024-04-06 15:00:00,27.98836750050802
2024-04-06 17:00:00,27.713809390471653
2024-04-06 19:00:00,27.708806619340937
2024-04-06 21:00:00,27.961097589238932
2024-04-06 23:00:00,27.93144619657552
2024-04-07 01:00:00,27.9258391391808
2024-04-07 03:00:00,27.849783737356134
2024-04-07 11:00:00,28.44284260792776
2024-04-07 13:00:00,27.923120765214975
2024-04-07 15:00:00,28.18931554078973
2024-04-07 17:00:00,28.605856137207443
2024-04-07 19:00:00,28.926513935665902
2024-04-07 21:00:00,28.30400643749081
2024-04-07 23:00:00,28.08895046980523
2024-04-08 01:00:00,28.002714487159807
2024-04-08 03:00:00,28.119847943603013
2024-04-08 11:00:00,27.800623913300633
2024-04-08 13:00:00,28.036811552346393
2024-04-08 15:00:00,27.99202465248527
2024-04-08 17:00:00,28.098807176796143
2024-04-08 19:00:00,28.268645910905114
2024-04-08 21:00:00,28.060783437419712
2024-04-08 23:00:00,27.89107255206516
2024-04-09 01:00:00,28.017359055613774
2024-04-09 03:00:00,28.12064505832511
2024-04-09 11:00:00,28.172384212082065
2024-04-09 13:00:00,28.10244601981147
2024-04-09 15:00:00,28.315412599805914
2024-04-09 17:00:00,28.249772767569766
2024-04-09 19:00:00,28.538136223565427
2024-04-09 21:00:00,29.23960000420645
2024-04-09 23:00:00,28.96416687974132
2024-04-10 01:00:00,28.656728712870546
2024-04-10 03:00:00,28.66179254647054
2024-04-10 11:00:00,29.030453432117906
2024-04-10 13:00:00,29.050523206312896
2024-04-10 15:00:00,29.10974124700921
2024-04-10 17:00:00,29.370849149645053
2024-04-10 19:00:00,29.724657080858748
2024-04-10 21:00:00,29.13377881382116
2024-04-10 23:00:00,29.330168447742828
2024-04-11 01:00:00,29.074058393704703
2024-04-11 03:00:00,29.004832194140388
2024-04-11 11:00:00,28.777394262474047
2024-04-11 13:00:00,28.749064194402592
2024-04-11 15:00:00,29.072310479963807
2024-04-11 17:00:00,28.564691799035074
2024-04-11 19:00:00,28.580338535327876
2024-04-11 21:00:00,28.45641967476135
2024-04-11 23:00:00,28.66094967166368
2024-04-12 01:00:00,28.681788010780675
2024-04-12 03:00:00,28.615020588674057
2024-04-12 11:00:00,28.500580365383954
2024-04-12 13:00:00,28.855057128040833
2024-04-12 15:00:00,28.448215316686788
2024-04-12 17:00:00,28.279178958282298
2024-04-12 19:00:00,28.95856168763992
2024-04-12 21:00:00,28.369446982936374
2024-04-12 23:00:00,28.332965844809078
2024-04-13 01:00:00,28.15691186455549
2024-04-13 03:00:00,28.241672417744127
2024-04-13 11:00:00,28.385373462085
2024-04-13 13:00:00,28.23093645100442
2024-04-13 15:00:00,28.533157358674913
2024-04-13 17:00:00,28.227523955569126
2024-04-13 19:00:00,28.27805335308965
2024-04-13 21:00:00,28.25725595580874
2024-04-13 23:00:00,28.459968422526373
2024-04-14 01:00:00,28.394112685041836
2024-04-14 03:00:00,28.482671297438582
2024-04-14 11:00:00,28.176938480431858
2024-04-14 13:00:00,27.54852042453057
2024-04-14 15:00:00,27.617905745918662
2024-04-14 17:00:00,27.568038934287028
2024-04-14 19:00:00,27.190725637599876
2024-04-14 21:00:00,27.298370854227137
2024-04-14 23:00:00,27.304714843675573
2024-04-15 01:00:00,27.376574722926513
2024-04-15 03:00:00,27.310051933572964
2024-04-15 11:00:00,27.47461467363919
2024-04-15 13:00:00,27.130797234092107
2024-04-15 15:00:00,27.233475178911842
2024-04-15 17:00:00,27.245639369418903
2024-04-15 19:00:00,27.296417180012003
2024-04-15 21:00:00,27.609983340222538
2024-04-15 23:00:00,27.31005556559893
2024-04-16 01:00:00,27.312234543941997
2024-04-16 03:00:00,27.446768568611155
2024-04-16 11:00:00,27.70201872578695
2024-04-16 13:00:00,27.793884273286107
2024-04-16 15:00:00,27.88936845490019
2024-04-16 17:00:00,27.64595566541538
2024-04-16 19:00:00,27.75355964711832
2024-04-16 21:00:00,27.628043521120837
2024-04-16 23:00:00,27.86374239753934
2024-04-17 01:00:00,27.776018680177256
2024-04-17 03:00:00,27.8545489967539
2024-04-17 11:00:00,28.021143147691888
2024-04-17 13:00:00,28.150696645436874
2024-04-17 15:00:00,28.274397360152477
2024-04-17 17:00:00,28.206428740110038
2024-04-17 19:00:00,28.346222392928496
2024-04-17 21:00:00,28.548879483685532
2024-04-17 23:00:00,28.627608833998558
2024-04-18 01:00:00,28.61821999236149
2024-04-18 03:00:00,28.594901558967372
2024-04-18 11:00:00,28.161132439805804
2024-04-18 13:00:00,28.06721966607212
2024-04-18 15:00:00,28.35344549655779
2024-04-18 17:00:00,28.515871054919945
2024-04-18 19:00:00,28.23203011868108
2024-04-18 21:00:00,28.34661179463624
2024-04-18 23:00:00,28.500553091806406
2024-04-19 01:00:00,28.166426524350594
2024-04-19 03:00:00,28.316385717061888
2024-04-19 11:00:00,28.426614367848888
2024-04-19 13:00:00,28.394106792237938
2024-04-19 15:00:00,28.33548222632074
2024-04-19 17:00:00,28.14284535985867
2024-04-19 19:00:00,28.300901291583422
2024-04-19 21:00:00,28.426002120081954
2024-04-19 23:00:00,28.554102491171932
2024-04-20 01:00:00,28.49120783421631
2024-04-20 03:00:00,28.46243491249153
2024-04-20 11:00:00,28.818250601748197
2024-04-20 13:00:00,28.785536049277425
2024-04-20 15:00:00,28.885732053419137
2024-04-20 17:00:00,28.82119183638939
2024-04-20 19:00:00,29.04491440955072
2024-04-20 21:00:00,28.797284915491815
2024-04-20 23:00:00,28.98826751649559
2024-04-21 01:00:00,28.9301890767875
2024-04-21 03:00:00,29.149730086883828
2024-04-21 11:00:00,29.784388480711222
2024-04-21 13:00:00,29.504263814114935
2024-04-21 15:00:00,29.84328978947922
2024-04-21 17:00:00,29.37256030020066
2024-04-21 19:00:00,29.376387780900664
2024-04-21 21:00:00,29.42078845215736
2024-04-21 23:00:00,29.344381731340057
2024-04-22 01:00:00,29.38204442992062
2024-04-22 03:00:00,29.423723266933614
2024-04-22 11:00:00,29.725150420983187
2024-04-22 13:00:00,28.966611419706027
2024-04-22 15:00:00,28.972378551920855
2024-04-22 17:00:00,28.9135187491843
2024-04-22 19:00:00,28.75163674158356
2024-04-22 21:00:00,28.726258028175334
2024-04-22 23:00:00,28.79035280935863
2024-04-23 01:00:00,28.748838198767615
2024-04-23 03:00:00,28.81376609297764
2024-04-23 11:00:00,28.772184632413662
2024-04-23 13:00:00,28.901580023298735
2024-04-23 15:00:00,28.048421088355177
2024-04-23 17:00:00,28.03508154952378
2024-04-23 19:00:00,27.736755267251702
2024-04-23 21:00:00,27.914494509514633
2024-04-23 23:00:00,27.973316222914303
2024-04-24 01:00:00,27.710792004924087
2024-04-24 03:00:00,27.696914463654682
2024-04-24 11:00:00,27.81481547588991
2024-04-24 13:00:00,28.2101022000411
2024-04-24 15:00:00,27.79134893636501
2024-04-24 17:00:00,27.56711128152248
2024-04-24 19:00:00,27.690271842989073
2024-04-24 21:00:00,27.57251844764137
2024-04-24 23:00:00,27.882872267528953
2024-04-25 01:00:00,27.803196308261825
2024-04-25 03:00:00,27.76312543439795
2024-04-25 11:00:00,28.28180741545541
2024-04-25 13:00:00,28.63711617869938
2024-04-25 15:00:00,28.143470141522297
2024-04-25 17:00:00,27.740772354240356
2024-04-25 19:00:00,27.818307934281968
2024-05-01 19:00:00,30.12022910388573
2024-05-01 21:00:00,30.127474509802965
2024-05-01 23:00:00,30.155516786119907
2024-05-02 01:00:00,30.189241303929425
2024-05-02 03:00:00,30.207045773921564
2024-05-02 11:00:00,30.338919423276987
2024-05-02 13:00:00,30.366383811889087
2024-05-02 15:00:00,30.45228520283284
2024-05-02 17:00:00,30.54256403820118
2024-05-02 19:00:00,30.616096405530957
2024-05-02 21:00:00,30.684793658174677
2024-05-02 23:00:00,30.761809068482364
2024-05-03 01:00:00,30.80179833675661
2024-05-03 03:00:00,30.818250663819192
2024-05-03 11:00:00,31.07092438626659
2024-05-03 13:00:00,31.09566507746201
2024-05-03 15:00:00,31.059344776686615
2024-05-03 17:00:00,30.580905109564647
2024-05-03 19:00:00,30.28913754433616
2024-05-03 21:00:00,30.192568953490614
2024-05-03 23:00:00,30.184552439051583
2024-05-04 01:00:00,30.194547092639525
2024-05-04 03:00:00,30.18770977269922
2024-05-04 11:00:00,29.239720461693302
2024-05-04 13:00:00,29.072992470813478
2024-05-04 15:00:00,28.992215038100007
2024-05-04 17:00:00,28.99822437217818
2024-05-04 19:00:00,29.02144495126089
2024-05-04 21:00:00,29.05894978430677
2024-05-04 23:00:00,29.067764005844722
2024-05-05 01:00:00,29.102485174576056
2024-05-05 03:00:00,29.11644262217655
2024-05-05 11:00:00,29.150426413677856
2024-05-05 13:00:00,29.118599258698538
2024-05-05 15:00:00,29.03236102093533
2024-05-05 19:00:00,28.961278077141493
2024-05-05 21:00:00,28.979418081345262
2024-05-05 23:00:00,28.997576176663266
2024-05-06 01:00:00,29.023501099058194
2024-05-06 03:00:00,29.06589929877216
2024-05-06 11:00:00,29.17323085835502
2024-05-06 13:00:00,29.164657829298655
2024-05-06 15:00:00,29.23336941191635
2024-05-06 17:00:00,29.290173316523106
2024-05-06 19:00:00,29.34738106248846
2024-05-06 21:00:00,29.384289385180885
2024-05-06 23:00:00,29.41699443483908
2024-05-07 01:00:00,29.468330513179357
2024-05-07 03:00:00,29.49490389019637
2024-05-07 11:00:00,29.550777681803133
2024-05-07 13:00:00,29.173290073241926
2024-05-07 15:00:00,29.094511771722043
2024-05-07 17:00:00,29.107944631221365
2024-05-07 19:00:00,29.13578554804022
2024-05-07 21:00:00,29.17390325277654
2024-05-07 23:00:00,29.20226768957894
2024-05-08 01:00:00,29.2342616623647
2024-05-08 03:00:00,29.240008846302658
2024-05-08 11:00:00,29.414820112221747
2024-05-08 13:00:00,29.467323479260205
2024-05-08 15:00:00,29.532344250088386
2024-05-08 17:00:00,29.61383536022361
2024-05-08 19:00:00,29.679442282844356
2024-05-08 21:00:00,29.7452926876927
2024-05-08 23:00:00,29.78133364244527
2024-05-09 01:00:00,29.8249099415797
2024-05-09 03:00:00,29.8986072146929
2024-05-09 11:00:00,30.266938945990812
2024-05-09 13:00:00,30.34841326746298
2024-05-09 15:00:00,30.422368935444016
2024-05-09 17:00:00,30.483600606988333
2024-05-09 19:00:00,30.544866531508305
2024-05-09 21:00:00,30.587793562786324
2024-05-09 23:00:00,30.59647889911198
2024-05-10 01:00:00,30.645803694541158
2024-05-10 03:00:00,30.68491647794444
2024-05-10 11:00:00,29.01335443425867
2024-05-10 13:00:00,28.89808782400705
2024-05-10 15:00:00,28.922323185850725
2024-05-10 17:00:00,28.920665709099595
2024-05-10 19:00:00,28.950828697252113
2024-05-10 21:00:00,28.953643607283965
2024-05-10 23:00:00,28.968718234240036
2024-05-11 01:00:00,28.99815649728948
2024-05-11 03:00:00,28.980806643817253
2024-05-11 11:00:00,29.01832767681671
2024-05-11 13:00:00,29.014980786516727
2024-05-11 15:00:00,29.07643043247913
2024-05-11 17:00:00,29.07431436303814
2024-05-11 19:00:00,29.096255676430605
2024-05-11 21:00:00,29.111785232716866
2024-05-11 23:00:00,29.136979432526417
2024-05-12 01:00:00,29.174407745489958
2024-05-12 03:00:00,29.223122783286286
2024-05-12 11:00:00,29.454264624105257
2024-05-12 13:00:00,29.522348394242194
2024-05-12 15:00:00,29.60124333475066
2024-05-12 17:00:00,29.681664753950166
2024-05-12 19:00:00,29.73693257232442
2024-05-12 21:00:00,29.790849956018672
2024-05-12 23:00:00,29.856864437641207
2024-05-13 01:00:00,29.9072106574641
2024-05-13 03:00:00,29.947283876017217
2024-05-13 11:00:00,30.15371689410896
2024-05-13 13:00:00,29.790803368822004
2024-05-13 15:00:00,29.75023755078384
2024-05-13 17:00:00,29.747329798308066
2024-05-13 21:00:00,28.994496167003568
2024-05-13 23:00:00,28.821138861197763
2024-05-14 01:00:00,28.83532305641604
2024-05-14 03:00:00,28.864357221614114
2024-05-14 11:00:00,29.008831299684182
2024-05-14 13:00:00,29.002723915434103
2024-05-14 15:00:00,29.015832771667107
2024-05-14 17:00:00,29.015192736916184
2024-05-14 19:00:00,29.084104232877518
2024-05-14 21:00:00,29.118458157464318
2024-05-14 23:00:00,29.164323138692613
2024-05-15 01:00:00,29.224635575478942
2024-05-15 03:00:00,29.25005572124551
2024-05-15 11:00:00,29.42078613528523
2024-05-15 15:00:00,29.525497464466465
2024-05-15 17:00:00,29.60230708225729
2024-05-15 19:00:00,29.640065412658878
2024-05-15 21:00:00,29.702501209467066
2024-05-15 23:00:00,29.760096111261646
2024-05-16 01:00:00,29.820197071662506
2024-05-16 03:00:00,29.873932193507784
2024-05-16 11:00:00,29.538864670865944
2024-05-16 13:00:00,29.59402110302947
2024-05-16 15:00:00,29.0469555623289
2024-05-16 17:00:00,28.895728131055243
2024-05-16 19:00:00,28.788660684900535
2024-05-16 21:00:00,28.824873196099716
2024-05-16 23:00:00,28.86555777372657
2024-05-17 01:00:00,28.90257263090028
2024-05-17 03:00:00,28.923610252961616
2024-05-17 11:00:00,28.968353060139226
2024-05-17 13:00:00,28.964842259859594
2024-05-17 15:00:00,28.999830444614062
2024-05-17 17:00:00,29.02603770835475
2024-05-17 19:00:00,29.048223657581147
2024-05-17 21:00:00,29.08055952004529
2024-05-17 23:00:00,29.101318630931164
2024-05-18 01:00:00,29.14285538267964
2024-05-18 03:00:00,29.169124157648064
2024-05-18 11:00:00,29.240403703622242
2024-05-18 13:00:00,29.3107116176611
2024-05-18 15:00:00,29.334337480315128
2024-05-18 17:00:00,29.408420833991478
2024-05-18 19:00:00,29.467276206561632
2024-05-18 21:00:00,29.493668328191056
2024-05-18 23:00:00,29.53207884048362
2024-05-19 01:00:00,29.569671516330548
2024-05-19 03:00:00,29.586438750946726
2024-05-19 11:00:00,29.762479990279765
2024-05-19 13:00:00,29.847554875713154
2024-05-19 15:00:00,29.53157946479748
2024-05-19 17:00:00,29.597478251078652
2024-05-19 19:00:00,29.642781866054214
2024-05-19 21:00:00,29.729508717761902
2024-05-19 23:00:00,29.82735004014609
2024-05-20 01:00:00,29.921857446774638
2024-05-20 03:00:00,30.044644213018984
2024-05-20 11:00:00,30.276476893082144
2024-05-20 13:00:00,30.382416042556578
2024-05-20 15:00:00,30.4394583741458
2024-05-20 17:00:00,30.481100898198093
2024-05-20 19:00:00,30.52435227745717
2024-05-20 21:00:00,30.555498694261935
2024-05-20 23:00:00,30.59038945243194
2024-05-21 01:00:00,30.62892082311879
2024-05-21 03:00:00,30.658777241274052
2024-05-21 11:00:00,30.210972807840754
2024-05-21 13:00:00,30.256274592510195
2024-05-21 15:00:00,30.19492577536518
2024-05-21 17:00:00,29.380390617593775
2024-05-21 19:00:00,29.113602340658428
2024-05-21 21:00:00,29.061728851460447
2024-05-21 23:00:00,29.075281879442656
2024-05-22 01:00:00,29.096578895739512
2024-05-22 03:00:00,29.113680034823787
2024-05-22 11:00:00,29.137826099245764
2024-05-22 13:00:00,29.14590450201895
2024-05-22 15:00:00,29.148943342643285
2024-05-22 17:00:00,29.14428508478
2024-05-22 19:00:00,29.15781811349094
2024-05-22 21:00:00,29.171691536265126
2024-05-22 23:00:00,29.19072598468692
2024-05-23 01:00:00,29.218779564289132
2024-05-23 03:00:00,29.252986701747048
2024-05-23 13:00:00,29.44943600644002
2024-05-23 15:00:00,29.483383753797156
2024-05-23 17:00:00,29.50604916621945
2024-05-23 19:00:00,29.53279435994915
2024-05-23 21:00:00,29.539048985548582
2024-05-23 23:00:00,29.56885918000176
2024-05-24 01:00:00,29.57759854537241
2024-05-24 03:00:00,29.593663774221184
2024-05-24 11:00:00,29.725135038903026
2024-05-24 13:00:00,29.47118281526157
2024-05-24 15:00:00,29.265003841402297
2024-05-24 17:00:00,29.20347565904808
2024-05-24 19:00:00,29.286841359424024
2024-05-24 21:00:00,29.30557884017901
2024-05-24 23:00:00,29.34258705740941
2024-05-25 01:00:00,29.37721903220883
2024-05-25 03:00:00,29.405273633759883
2024-05-25 11:00:00,29.518435748907848
2024-05-25 13:00:00,29.593168613357353
2024-05-25 15:00:00,29.644689811901532
2024-05-25 17:00:00,29.678107747417293
2024-05-25 19:00:00,29.721109097676816
2024-05-25 21:00:00,29.749370935374415
2024-05-25 23:00:00,29.776024081077168
2024-05-26 01:00:00,29.796105674475857
2024-05-26 03:00:00,29.811854676417134
2024-05-26 11:00:00,29.910521499206805
2024-05-26 13:00:00,30.019077931836023
2024-05-26 15:00:00,30.049167655708715
2024-05-26 17:00:00,30.06660724403953
2024-05-26 19:00:00,29.53524224767059
2024-05-26 21:00:00,29.666852241181793
2024-05-26 23:00:00,29.71080698132123
2024-05-27 01:00:00,29.770961056099996
2024-05-27 03:00:00,29.824379621382526
2024-05-27 11:00:00,30.189601060870263
2024-05-27 13:00:00,30.18126776591106
2024-05-27 15:00:00,30.26465604563416
2024-05-27 17:00:00,30.303933533512264
2024-05-27 19:00:00,30.31302946594802
2024-05-27 21:00:00,30.33281207302024
2024-05-27 23:00:00,30.35072735579641
2024-05-28 01:00:00,30.37844446442408
2024-05-28 03:00:00,30.41503038830374
2024-05-29 01:00:00,29.532139931546553
2024-05-29 03:00:00,29.548611725534105
2024-05-29 11:00:00,29.4792319521855
2024-05-29 13:00:00,29.533136690037196
2024-05-29 15:00:00,29.54354749947521
2024-05-29 17:00:00,29.611046642753266
2024-05-29 19:00:00,29.6297944244563
2024-05-29 21:00:00,29.668709310789914
2024-05-29 23:00:00,29.73972668746332
2024-05-30 01:00:00,29.754167028938205
2024-05-30 03:00:00,29.763729413944688
2024-05-30 11:00:00,29.900321530514816
2024-05-30 13:00:00,29.939447615367957
2024-05-30 15:00:00,29.976584832195215
2024-05-30 17:00:00,29.96222501732847
2024-05-30 19:00:00,29.954811496552946
2024-05-30 21:00:00,29.97443078482657
2024-05-30 23:00:00,29.99924411775332
2024-05-31 01:00:00,30.01244824346552
2024-05-31 03:00:00,30.05523534108923
2024-05-31 13:00:00,30.325295954227578
2024-05-31 15:00:00,30.374506235104562
2024-05-31 17:00:00,30.4628672500313
2024-05-31 19:00:00,30.507383489330522
2024-05-31 21:00:00,30.54293312981444
2024-05-31 23:00:00,30.566762015639128
2024-06-01 01:00:00,30.603103142625834
2024-06-01 03:00:00,30.6373268499686
2024-06-01 11:00:00,30.858393123206717
2024-06-01 13:00:00,30.883858849267796
2024-06-01 17:00:00,30.84716057610658
2024-06-01 19:00:00,30.835886355331695
2024-06-01 21:00:00,30.841326991135524
2024-06-01 23:00:00,30.852330840496364
2024-06-02 01:00:00,30.87452711395475
2024-06-02 03:00:00,30.869472527461596
2024-06-02 11:00:00,29.954482554615225
2024-06-02 13:00:00,29.97279605051957
2024-06-02 15:00:00,29.994011662018504
2024-06-02 17:00:00,29.950982899424417
2024-06-02 19:00:00,29.83379367985668
2024-06-02 21:00:00,29.87735522040301
2024-06-02 23:00:00,29.885679628431458
2024-06-03 01:00:00,29.896551108500056
2024-06-03 03:00:00,29.911233944685783
2024-06-03 11:00:00,30.02567571565526
2024-06-03 13:00:00,30.07894455258979
2024-06-03 15:00:00,30.12242005120853
2024-06-03 17:00:00,30.153780217015957
2024-06-03 19:00:00,30.181372769507654
2024-06-03 21:00:00,30.214303018057137
2024-06-03 23:00:00,30.243870625558756
2024-06-04 01:00:00,30.283805064411673
2024-06-04 03:00:00,30.321208695313373
2024-06-04 11:00:00,30.56114568093094
2024-06-04 13:00:00,30.624927754893083
2024-06-04 15:00:00,30.73085661532162
2024-06-04 17:00:00,30.770727625506428
2024-06-04 19:00:00,30.825173530785534
2024-06-04 21:00:00,30.758278071541557
2024-06-04 23:00:00,30.73956957766841
2024-06-05 01:00:00,30.747517576752195
2024-06-05 03:00:00,30.759998450380767
2024-06-05 11:00:00,30.913443737156562
2024-06-05 13:00:00,30.943781203593133
2024-06-05 15:00:00,30.99876584798546
2024-06-05 17:00:00,31.035188995959867
2024-06-05 19:00:00,31.044146668516163
2024-06-05 21:00:00,31.073871082498577
2024-06-05 23:00:00,31.100045077383587
2024-06-06 01:00:00,31.135090928306944
2024-06-06 03:00:00,31.15596489247621
2024-06-06 11:00:00,31.32067444422352
2024-06-06 13:00:00,31.30964514438441
2024-06-06 15:00:00,31.295434308683195
2024-06-06 17:00:00,31.344375669621506
2024-06-06 19:00:00,31.352704988860914
2024-06-06 21:00:00,31.381755782140555
2024-06-06 23:00:00,31.29374102453297
2024-06-07 01:00:00,31.301854898045292
2024-06-07 03:00:00,31.30305622954391
2024-06-07 11:00:00,31.42797228355686
2024-06-07 13:00:00,31.332797573108543
2024-06-07 15:00:00,31.097225618852846
2024-06-07 17:00:00,30.637390143277386
2024-06-07 19:00:00,30.41945135153017
2024-06-07 21:00:00,30.464882806608557
2024-06-07 23:00:00,30.447445199144322
2024-06-08 01:00:00,30.443385813142818
2024-06-08 03:00:00,30.444279200702105
2024-06-08 11:00:00,30.41223239714631
2024-06-08 13:00:00,30.34590702959302
2024-06-08 15:00:00,29.83454021313742
2024-06-08 17:00:00,29.62581408974331
2024-06-08 21:00:00,29.508880674942393
2024-06-08 23:00:00,29.52499776907558
2024-06-09 01:00:00,29.557306195256924
2024-06-09 03:00:00,29.57477505552042
2024-06-09 11:00:00,29.642881029692546
2024-06-09 13:00:00,29.635970695907254
2024-06-09 15:00:00,29.661745066261787
2024-06-09 17:00:00,29.722105830891905
2024-06-09 19:00:00,29.765812746846798
2024-06-09 21:00:00,29.75971585469354
2024-06-09 23:00:00,29.780997054934137
2024-06-10 01:00:00,29.804865771967897
2024-06-10 03:00:00,29.829924160638647
2024-06-10 11:00:00,29.701486423016064
2024-06-10 13:00:00,29.738782005982006
2024-06-10 15:00:00,29.76152468537581
2024-06-10 17:00:00,29.78509322654952
2024-06-10 19:00:00,29.792339957717815
2024-06-10 21:00:00,29.84027870000657
2024-06-10 23:00:00,29.845122039780904
2024-06-11 01:00:00,29.824494280193473
2024-06-11 03:00:00,29.846366689073875
2024-06-11 11:00:00,29.90396770334023
2024-06-11 13:00:00,29.961573107206497
2024-06-11 15:00:00,29.993377513112463
2024-06-11 17:00:00,29.905640256455136
2024-06-11 19:00:00,29.914232644901503
2024-06-11 21:00:00,29.928983417425385
2024-06-11 23:00:00,29.95415002499189
2024-06-12 01:00:00,29.974454277306783
2024-06-12 03:00:00,29.99489082973582
2024-06-12 11:00:00,30.20541817175885
2024-06-12 13:00:00,30.2188589282393
2024-06-12 15:00:00,30.296424911177205
2024-06-12 17:00:00,30.368896586538035
2024-06-12 19:00:00,30.397419593888273
2024-06-12 21:00:00,30.455821900639286
2024-06-12 23:00:00,30.462088284184958
2024-06-13 01:00:00,30.488608154760744
2024-06-13 11:00:00,30.168751417365133
2024-06-13 13:00:00,30.241748366554436
2024-06-13 15:00:00,30.323656541458007
2024-06-13 17:00:00,30.40709896995226
2024-06-13 19:00:00,30.440493464418452
2024-06-13 21:00:00,30.4810680443711
2024-06-13 23:00:00,30.48559800420375
2024-06-14 01:00:00,30.517691963377935
2024-06-14 03:00:00,30.53674135058803
2024-06-14 11:00:00,30.45012150735392
2024-06-14 13:00:00,30.324839471260375
2024-06-14 15:00:00,30.21844562495734
2024-06-14 17:00:00,30.313776445771623
2024-06-14 19:00:00,30.330243665980547
2024-06-14 23:00:00,30.359542020527062
2024-06-15 01:00:00,30.38079290910897
2024-06-15 03:00:00,30.402322754720174
2024-06-15 11:00:00,29.658004491882938
2024-06-15 13:00:00,29.482169432034702
2024-06-15 15:00:00,29.538718951650758
2024-06-15 17:00:00,29.571427728476884
2024-06-15 19:00:00,29.593609887278628
2024-06-15 21:00:00,29.612314213066053
2024-06-15 23:00:00,29.649325394726183
2024-06-16 01:00:00,29.657863305343067
2024-06-16 03:00:00,29.681848215617062
2024-06-16 11:00:00,29.782837930737514
2024-06-16 13:00:00,29.82729403576161
2024-06-16 15:00:00,29.87453270457052
2024-06-16 17:00:00,29.920697223119078
2024-06-16 19:00:00,29.93161533209716
2024-06-16 21:00:00,29.945342983625903
2024-06-16 23:00:00,29.90939713457
2024-06-17 01:00:00,29.919868808155954
2024-06-17 03:00:00,29.945586412276413
2024-06-17 11:00:00,30.023607177424847
2024-06-17 13:00:00,30.131120337957213
2024-06-17 15:00:00,30.195274687401806
2024-06-17 17:00:00,30.268453997681036
2024-06-17 19:00:00,30.288685999415804
2024-06-17 21:00:00,30.3126786987063
2024-06-17 23:00:00,30.307688347247954
2024-06-18 01:00:00,30.316530370511714
2024-06-18 03:00:00,30.328153525860408
2024-06-18 11:00:00,30.488127208440176
2024-06-18 13:00:00,30.615801141427248
2024-06-18 15:00:00,30.730920252288392
2024-06-18 17:00:00,30.827450411710974
2024-06-18 19:00:00,30.84776217487173
2024-06-18 21:00:00,30.865020178696327
2024-06-18 23:00:00,30.881455437561748
2024-06-19 01:00:00,30.90123835067413
2024-06-19 03:00:00,30.921845171036455
2024-06-19 11:00:00,31.191338706214975
2024-06-19 13:00:00,31.237634054457885
2024-06-19 15:00:00,31.287066284049565
2024-06-19 17:00:00,31.319383158194846
2024-06-19 19:00:00,31.317486504224235
2024-06-19 21:00:00,31.297700723721896
2024-06-19 23:00:00,31.29436034682034
2024-06-20 01:00:00,31.292333947272894
2024-06-20 03:00:00,31.295084535718075
2024-06-20 11:00:00,30.33724804409463
2024-06-20 13:00:00,30.449389877128276
2024-06-20 17:00:00,30.576182205118286
2024-06-20 19:00:00,30.65995032526273
2024-06-20 21:00:00,30.686418165477996
2024-06-20 23:00:00,30.700425912464624
2024-06-21 01:00:00,30.71120692411417
2024-06-21 03:00:00,30.7426836676741
2024-06-21 11:00:00,30.854894235653827
2024-06-21 13:00:00,30.900950636070277
2024-06-21 15:00:00,30.9283345173788
2024-06-21 17:00:00,30.962244191543313
2024-06-21 19:00:00,30.941554668972923
2024-06-21 21:00:00,30.943451416626004
2024-06-21 23:00:00,30.96588439853373
2024-06-22 01:00:00,30.967070571293426
2024-06-22 03:00:00,31.01009978502413
2024-06-22 11:00:00,30.298498912390784
2024-06-22 13:00:00,30.28855307306666
2024-06-22 15:00:00,30.337675102044926
2024-06-22 17:00:00,30.366778747663076
2024-06-22 19:00:00,30.399525434387428
2024-06-22 21:00:00,30.40598493672742
2024-06-22 23:00:00,30.399113032632094
2024-06-23 01:00:00,30.414880619355745
2024-06-23 03:00:00,30.4398884227503
2024-06-23 13:00:00,30.395229459415944
2024-06-23 15:00:00,30.57423103513293
2024-06-23 17:00:00,30.601341598106828
2024-06-23 19:00:00,30.66335343508198
2024-06-23 21:00:00,30.698809666813254
2024-06-23 23:00:00,30.721026586930783
2024-06-24 01:00:00,30.74816200234329
2024-06-24 03:00:00,30.77553794179664
2024-06-24 11:00:00,30.896629240257234
2024-06-24 13:00:00,31.084842066735856
2024-06-24 15:00:00,31.135998642487884
2024-06-24 17:00:00,31.157528670895978
2024-06-24 19:00:00,31.14494015442927
2024-06-24 21:00:00,31.18035284843318
2024-06-24 23:00:00,31.16867616784294
2024-06-25 01:00:00,31.162392920216462
2024-06-25 03:00:00,31.169897103922906
2024-06-25 11:00:00,31.273258988475643
2024-06-25 13:00:00,31.290695697415927
2024-06-25 15:00:00,31.295901088381793
2024-06-25 17:00:00,31.31461038013598
2024-06-25 19:00:00,30.405100935110937
2024-06-25 21:00:00,30.08711277239582
2024-06-25 23:00:00,29.86532725773334
2024-06-26 03:00:00,29.88731363717982
2024-06-26 11:00:00,29.96204451374279
2024-06-26 15:00:00,29.44335207064881
2024-06-26 17:00:00,29.446098852581056
2024-06-26 19:00:00,29.5410144729584
2024-06-26 23:00:00,29.689837456587238
2024-06-27 03:00:00,29.803491168702273
2024-06-27 11:00:00,30.100941577308607
2024-06-27 13:00:00,30.175874210903263
2024-06-27 15:00:00,30.34497148019475
2024-06-27 19:00:00,30.45222057616757
2024-06-27 21:00:00,30.475419429157235
2024-06-27 23:00:00,30.472708014354126
2024-06-28 01:00:00,30.49980540518252
2024-06-28 03:00:00,30.505007711391826
2024-06-28 11:00:00,30.730428505123292
2024-06-28 13:00:00,30.840088127810162
2024-06-28 15:00:00,30.932873272398496
2024-06-28 17:00:00,31.010449862396598
2024-06-28 19:00:00,31.03874397059503
2024-06-28 23:00:00,31.031309002945413
2024-06-29 01:00:00,31.041365948253542
2024-06-29 03:00:00,31.0443623876274
2024-06-29 11:00:00,31.183009663624425
2024-06-29 13:00:00,31.18370735315914
2024-06-29 15:00:00,31.17875589829875
2024-06-29 17:00:00,31.211191170292032
2024-06-29 19:00:00,31.208219987161026
2024-06-29 21:00:00,31.216433435471345
2024-06-29 23:00:00,31.281610810916753
2024-06-30 01:00:00,31.257981165724495
2024-06-30 03:00:00,31.240440212044444
2024-06-30 11:00:00,31.28597256075282
2024-06-30 13:00:00,31.43929050692906
2024-06-30 15:00:00,31.471309660655898
2024-06-30 17:00:00,31.50765324423668
2024-06-30 19:00:00,31.511835470757774
2024-06-30 21:00:00,31.635131226581983
2024-06-30 23:00:00,31.611277961610718
2024-07-01 01:00:00,31.55276138427234
2024-07-01 03:00:00,31.554222527115442
2024-07-01 11:00:00,31.747282310163
2024-07-01 13:00:00,31.7953214960762
2024-07-01 15:00:00,31.852981820431292
2024-07-01 17:00:00,31.991649704620507
2024-07-01 19:00:00,31.993564893264402
2024-07-01 21:00:00,32.00864296593376
2024-07-01 23:00:00,32.04233865734349
2024-07-02 01:00:00,31.973715918988674
2024-07-02 03:00:00,32.02165215845746
2024-07-02 11:00:00,32.13922479090384
2024-07-02 13:00:00,32.22322975306722
2024-07-02 15:00:00,32.31472013314869
2024-07-02 17:00:00,32.36901225840221
2024-07-02 19:00:00,32.35333632298865
2024-07-02 21:00:00,32.35151716535327
2024-07-02 23:00:00,32.373548363863605
2024-07-03 01:00:00,32.38138819796521
2024-07-03 03:00:00,32.40680121279155
2024-07-03 11:00:00,32.70662329648077
2024-07-03 13:00:00,32.6505647415818
2024-07-03 15:00:00,32.65326413247561
2024-07-03 17:00:00,32.6773434937867
2024-07-03 19:00:00,32.71582972170377
2024-07-03 21:00:00,32.70697210749402
2024-07-03 23:00:00,32.70292099894988
2024-07-04 01:00:00,32.70287218968706
2024-07-04 03:00:00,32.708756360595274
2024-07-04 11:00:00,32.80689639420643
2024-07-04 13:00:00,32.745396457106594
2024-07-04 17:00:00,32.71004835355684
2024-07-04 19:00:00,32.67497364355271
2024-07-04 21:00:00,32.66787584271772
2024-07-04 23:00:00,32.64152032185756
2024-07-05 01:00:00,32.614924906245264
2024-07-05 03:00:00,32.62851016035839
2024-07-05 11:00:00,32.692673062588895
2024-07-05 13:00:00,32.676787609627354
2024-07-05 15:00:00,32.68295793217128
2024-07-05 17:00:00,32.42838064158276
2024-07-05 19:00:00,32.43288410579967
2024-07-05 21:00:00,32.409775710806315
2024-07-05 23:00:00,32.340081248202495
2024-07-06 03:00:00,32.360587724438446
2024-07-06 11:00:00,29.97188613593116
2024-07-06 13:00:00,29.14695372053038
2024-07-06 15:00:00,28.634418965201128
2024-07-06 17:00:00,28.796984683444798
2024-07-06 19:00:00,29.084540529975463
2024-07-06 21:00:00,28.846560396286506
2024-07-06 23:00:00,28.651607786766235
2024-07-07 01:00:00,28.464410819641987
2024-07-07 03:00:00,28.326646044718228
2024-07-07 11:00:00,27.86522269711091
2024-07-07 13:00:00,27.71780575222874
2024-07-07 15:00:00,27.660703060255898
2024-07-08 21:00:00,26.84774716526519
2024-07-08 23:00:00,26.85258717197603
2024-07-11 11:00:00,26.736149276357516
2024-07-11 13:00:00,26.640881088503946
2024-07-11 15:00:00,26.277097647320097
2024-07-11 17:00:00,26.21473089294237
2024-07-11 19:00:00,26.238256405943126
2024-07-11 21:00:00,26.288709129885454
2024-07-11 23:00:00,26.320750492428992
2024-07-12 01:00:00,26.352409312562443
2024-07-12 03:00:00,26.37646140477601
2024-07-12 11:00:00,26.286821938702914
2024-07-12 13:00:00,26.25425013614844
2024-07-12 15:00:00,26.023028631291066
2024-07-12 17:00:00,25.991418610595108
2024-07-12 19:00:00,26.038665073062575
2024-07-12 21:00:00,26.070697573075158
2024-07-12 23:00:00,26.04165958520756
2024-07-13 01:00:00,26.063153932620704
2024-07-13 03:00:00,26.08788520421617
2024-07-13 11:00:00,25.858215228347966
2024-07-13 13:00:00,25.84700654270318
2024-07-13 15:00:00,25.910773202672736
2024-07-13 17:00:00,25.960594115611812
2024-07-13 19:00:00,26.00849067758689
2024-07-13 21:00:00,26.056942749983797
2024-07-13 23:00:00,26.109565005963603
2024-07-14 01:00:00,26.160344000386694
2024-07-14 03:00:00,26.18314155461144
2024-07-14 11:00:00,25.903075385579672
2024-07-14 13:00:00,25.884961292654573
2024-07-14 15:00:00,25.89912459100314
2024-07-14 17:00:00,25.943689411743094
2024-07-14 19:00:00,25.99698083779738
2024-07-14 21:00:00,26.05132986287193
2024-07-14 23:00:00,26.10365467616827
2024-07-15 01:00:00,26.141615102447364
2024-07-15 03:00:00,26.19049289251479
2024-07-15 11:00:00,26.31878445112568
2024-07-15 13:00:00,26.337392497057827
2024-07-15 15:00:00,26.233219845893863
2024-07-15 17:00:00,26.24928261238514
2024-07-15 19:00:00,26.27184731309778
2024-07-15 21:00:00,26.30376940894444
2024-07-15 23:00:00,26.334084525087093
2024-07-16 01:00:00,26.36744586726123
2024-07-16 03:00:00,26.390017267224017
2024-07-16 11:00:00,26.37332695025162
2024-07-16 13:00:00,26.35876969122915
2024-07-16 15:00:00,26.20641973485151
2024-07-16 17:00:00,26.23843053136558
2024-07-16 19:00:00,26.308898856259113
2024-07-16 21:00:00,26.32138314262903
2024-07-16 23:00:00,26.37333734065992
2024-07-17 01:00:00,26.36673166071709
2024-07-17 03:00:00,26.384137256357256
2024-07-17 11:00:00,26.36684939036207
2024-07-17 13:00:00,25.932253222977636
2024-07-17 15:00:00,26.250169302199623
2024-07-17 17:00:00,26.39533757380083
2024-07-17 19:00:00,26.485489448639385
2024-07-17 21:00:00,26.528508899853716
2024-07-17 23:00:00,26.572783935805937
2024-07-18 01:00:00,26.634522540331854
2024-07-18 03:00:00,26.685583371659092
2024-07-19 01:00:00,25.835598868958968
2024-07-19 03:00:00,25.865893050949943
2024-07-19 11:00:00,25.941268022510243
2024-07-19 13:00:00,25.9979460874917
2024-07-19 17:00:00,25.70367189160315
2024-07-19 21:00:00,25.691696715936914
2024-07-19 23:00:00,25.722123194806557
2024-07-20 01:00:00,25.74488338959103
2024-07-20 03:00:00,25.740207115722004
2024-07-20 11:00:00,25.85818142041021
2024-07-20 13:00:00,25.653405890587486
2024-07-20 15:00:00,25.731884996675454
2024-07-20 17:00:00,25.8175059328899
2024-07-20 19:00:00,25.867847452113594
2024-07-20 21:00:00,25.911061105714783
2024-07-20 23:00:00,25.95795432671388
2024-07-21 01:00:00,25.992747981929583
2024-07-21 03:00:00,26.007215564107433
2024-07-21 11:00:00,25.73528030294861
2024-07-21 13:00:00,25.788380402587737
2024-07-21 15:00:00,25.85563368152926
2024-07-21 17:00:00,25.95142282181134
2024-07-21 19:00:00,26.018652695143974
2024-07-21 21:00:00,26.076419125046915
2024-07-21 23:00:00,26.077217868943272
2024-07-22 01:00:00,26.145419825279717
2024-07-22 03:00:00,26.198747609052162
2024-07-22 11:00:00,25.5145546256049
2024-07-22 13:00:00,25.530759140188557
2024-07-22 15:00:00,25.62067921883901
2024-07-22 17:00:00,25.735759002303904
2024-07-22 19:00:00,25.80235154201938
2024-07-22 21:00:00,25.845160887135407
2024-07-22 23:00:00,25.889708094945096
2024-07-23 01:00:00,25.937068826124744
2024-07-23 03:00:00,25.96862494123031
2024-07-23 11:00:00,25.69379279180103
2024-07-23 13:00:00,25.684502530369965
2024-07-23 15:00:00,25.77042326842149
2024-07-23 17:00:00,25.835455637366806
2024-07-23 19:00:00,25.914202350897007
2024-07-23 21:00:00,25.93848789932795
2024-07-24 01:00:00,25.762711823353477
2024-07-24 03:00:00,25.58505920607771
2024-07-24 11:00:00,25.600268800088017
2024-07-24 13:00:00,25.577629678482715
2024-07-24 15:00:00,25.62348097292673
2024-07-24 19:00:00,25.547493771360912
2024-07-24 21:00:00,25.539637088160063
2024-07-24 23:00:00,25.45857826965369
2024-07-29 15:00:00,27.867001241185434
2024-07-29 17:00:00,27.868218981724674
2024-07-29 19:00:00,27.480919321919522
2024-07-29 21:00:00,27.36857436958071
2024-07-29 23:00:00,27.386717607505652
2024-07-30 01:00:00,27.45004314314888
2024-07-30 03:00:00,27.491950460099677
2024-07-30 11:00:00,27.177725777269632
2024-07-30 13:00:00,27.22968360942776
2024-07-30 15:00:00,27.260522630260972
2024-07-30 17:00:00,27.252638349441504
2024-07-30 19:00:00,27.311336900218457
2024-07-30 21:00:00,27.31484950728916
2024-07-30 23:00:00,27.336913016080665
2024-07-31 01:00:00,27.362145958286128
2024-07-31 11:00:00,27.443844458528638
2024-07-31 13:00:00,27.454299063818702
2024-07-31 15:00:00,27.455129509659933
2024-07-31 17:00:00,27.441453403932808
2024-07-31 19:00:00,27.484880354792963
2024-07-31 21:00:00,27.508724821564265
2024-07-31 23:00:00,27.54371180899351
2024-08-01 01:00:00,27.57144313418602
2024-08-01 03:00:00,27.60401553103653
2024-08-01 11:00:00,26.96240334258512
2024-08-01 13:00:00,26.67156558753596
2024-08-01 15:00:00,26.63824026244588
2024-08-01 17:00:00,26.749225079097094
2024-08-01 19:00:00,26.747165774599665
2024-08-01 21:00:00,26.795903346208306
2024-08-01 23:00:00,26.667977721335447
2024-08-02 01:00:00,26.40086584964333
2024-08-02 03:00:00,26.38321970190006
2024-08-02 11:00:00,26.397131808940866
2024-08-02 15:00:00,26.514022483226903
2024-08-02 17:00:00,26.59131344618708
2024-08-02 19:00:00,26.63794784700074
2024-08-02 23:00:00,26.707675182669234
2024-08-03 01:00:00,26.73516950748131
2024-08-03 03:00:00,26.761838780463208
2024-08-03 11:00:00,26.33583348866644
2024-08-03 13:00:00,26.369546581509134
2024-08-03 15:00:00,26.422414161004447
2024-08-03 17:00:00,26.434170694569964
2024-08-03 21:00:00,26.4915042723757
2024-08-03 23:00:00,26.52911123002319
2024-08-04 01:00:00,26.545569115154137
2024-08-04 03:00:00,26.5596357802946
2024-08-04 11:00:00,25.953433662550342
2024-08-04 13:00:00,25.989477273041757
2024-08-04 15:00:00,25.953830509400575
2024-08-04 17:00:00,26.001643446032784
2024-08-04 21:00:00,26.055400299393547
2024-08-04 23:00:00,26.055840507336114
2024-08-05 01:00:00,26.081189566535556
2024-08-05 03:00:00,26.098111661761784
2024-08-05 11:00:00,26.09836129103907
2024-08-05 13:00:00,26.142110000782885
2024-08-05 15:00:00,26.22295734569218
2024-08-05 17:00:00,26.33684543244815
2024-08-05 19:00:00,26.35842988837443
2024-08-05 21:00:00,26.383894301584427
2024-08-05 23:00:00,26.408413968869255
2024-08-06 01:00:00,26.418519148232296
2024-08-06 03:00:00,26.441351863656656
2024-08-06 11:00:00,26.532612576694117
2024-08-06 13:00:00,26.58507043193383
2024-08-06 15:00:00,26.667756798563275
2024-08-06 17:00:00,26.709155839754622
2024-08-06 19:00:00,26.735480780954788
2024-08-06 21:00:00,26.745485929025165
2024-08-06 23:00:00,26.76298803738094
2024-08-07 01:00:00,26.783170699003612
2024-08-07 03:00:00,26.792210183718034
2024-08-07 11:00:00,26.928843320812952
2024-08-07 13:00:00,26.978750108189814
2024-08-07 15:00:00,26.9961953098057
2024-08-07 17:00:00,27.03416651678227
2024-08-07 19:00:00,27.03066487951378
2024-08-07 21:00:00,27.058308242778608
2024-08-07 23:00:00,27.08115984348127
2024-08-08 01:00:00,27.100907838395543
2024-08-08 03:00:00,27.11631053759321
2024-08-08 11:00:00,27.14225906849839
2024-08-08 13:00:00,27.124399875788065
2024-08-08 15:00:00,27.13919613576026
2024-08-08 17:00:00,27.162340869610325
2024-08-08 19:00:00,27.203505059983264
2024-08-08 21:00:00,27.225699204360524
2024-08-08 23:00:00,27.245483222079528
2024-08-09 01:00:00,27.256524239280424
2024-08-09 03:00:00,27.29796231809219
2024-08-09 13:00:00,27.219796748747015
2024-08-09 15:00:00,26.734647828027285
2024-08-09 19:00:00,26.444452431483924
2024-08-09 21:00:00,26.397700863098443
2024-08-09 23:00:00,26.38500185688903
2024-08-10 01:00:00,26.370081403532353
2024-08-10 03:00:00,26.36247006590807
2024-08-10 11:00:00,25.86888541075839
2024-08-10 13:00:00,25.90026614779157
2024-08-10 15:00:00,25.990684203672938
2024-08-10 17:00:00,26.05215159085246
2024-08-10 19:00:00,26.075168359082483
2024-08-10 21:00:00,26.069961528256258
2024-08-10 23:00:00,26.072385325949966
2024-08-11 01:00:00,26.10232224239776
2024-08-11 03:00:00,26.098736158548775
2024-08-11 11:00:00,25.78676253706521
2024-08-11 13:00:00,25.795036827743353
2024-08-11 15:00:00,25.83368339285509
2024-08-11 17:00:00,25.697979083105885
2024-08-11 19:00:00,25.711862456994584
2024-08-11 21:00:00,25.70493422149091
2024-08-11 23:00:00,25.720525648613812
2024-08-12 01:00:00,25.734653241878398
2024-08-12 03:00:00,25.75982399117767
2024-08-12 11:00:00,25.756094336233115
2024-08-12 13:00:00,25.74361901139084
2024-08-12 15:00:00,25.77838527572095
2024-08-12 17:00:00,25.802001952975843
2024-08-12 19:00:00,25.832272092377394
2024-08-12 21:00:00,25.85322291147581
2024-08-12 23:00:00,25.86557921638171
2024-08-13 01:00:00,25.892575882837676
2024-08-13 03:00:00,25.924274314455033
2024-08-13 11:00:00,25.569324351830442
2024-08-13 15:00:00,25.81632352804413
2024-08-13 17:00:00,25.972401923409972
2024-08-13 19:00:00,26.079961997298035
2024-08-13 21:00:00,26.1421922831287
2024-08-13 23:00:00,26.18844720896268
2024-08-14 01:00:00,26.22514625277914
2024-08-14 03:00:00,26.26033911396523
2024-08-14 11:00:00,26.314592025626293
2024-08-14 13:00:00,26.3448779393051
2024-08-14 15:00:00,26.380172255477092
2024-08-14 17:00:00,26.442121876891385
2024-08-14 19:00:00,26.470577780880618
2024-08-14 21:00:00,26.512657982473044
2024-08-14 23:00:00,26.465180854974562
2024-08-15 01:00:00,26.479126751280425
2024-08-15 03:00:00,26.504736572853734
2024-08-15 11:00:00,26.16161158703948
2024-08-15 13:00:00,26.158254823879673
2024-08-15 15:00:00,26.034647630295673
2024-08-15 17:00:00,26.084260949827872
2024-08-15 19:00:00,26.160811310511782
2024-08-15 21:00:00,26.200541186262566
2024-08-15 23:00:00,26.240874623111573
2024-08-16 01:00:00,26.29531929806354
2024-08-16 03:00:00,26.337725474020093
2024-08-16 15:00:00,26.5733849276382
2024-08-16 17:00:00,26.642373218626147
2024-08-16 19:00:00,26.66344959622626
2024-08-16 21:00:00,26.69090849429967
2024-08-16 23:00:00,26.71150096558724
2024-08-17 01:00:00,26.718953745981494
2024-08-17 03:00:00,26.69071157705895
2024-08-17 11:00:00,26.707615913996683
2024-08-17 13:00:00,26.702910210273863
2024-08-17 15:00:00,26.725469702705254
2024-08-17 17:00:00,26.761258762605983
2024-08-17 19:00:00,26.788153144705504
2024-08-17 21:00:00,26.807565634034198
2024-08-17 23:00:00,26.81845092677836
2024-08-18 01:00:00,26.83721721817424
2024-08-18 03:00:00,26.85034118265174
2024-08-18 11:00:00,26.958850982275038
2024-08-18 13:00:00,26.980149947306963
2024-08-18 15:00:00,27.018279320926943
2024-08-18 17:00:00,27.06986662368453
2024-08-18 19:00:00,27.108604561497078
2024-08-18 21:00:00,27.118194002441207
2024-08-18 23:00:00,27.145874130940456
2024-08-19 01:00:00,27.183388813226188
2024-08-19 03:00:00,27.201623243370438
2024-08-19 11:00:00,26.73548868005775
2024-08-19 13:00:00,26.630986683911637
2024-08-19 15:00:00,26.607788166668023
2024-08-19 17:00:00,26.641820152040076
2024-08-19 19:00:00,26.626167744288708
2024-08-19 21:00:00,26.657657641046903
2024-08-19 23:00:00,26.671553541998115
2024-08-20 01:00:00,26.68783079104057
2024-08-20 03:00:00,26.68848030438975
2024-08-20 11:00:00,26.38403699608007
2024-08-20 13:00:00,26.461666479469166
2024-08-20 15:00:00,26.348778724092405
2024-08-20 17:00:00,26.334975361390228
2024-08-20 19:00:00,26.30964877060056
2024-08-20 21:00:00,26.316810529081117
2024-08-20 23:00:00,26.324232527036678
2024-08-21 01:00:00,26.34922649458056
2024-08-21 03:00:00,26.376654346920812
2024-08-21 15:00:00,26.19218106379762
2024-08-21 17:00:00,26.29900188227326
2024-08-21 19:00:00,26.351556275047628
2024-08-21 21:00:00,26.38654113813849
2024-08-21 23:00:00,26.43144501929111
2024-08-22 01:00:00,26.48314537306566
2024-08-22 03:00:00,26.514000206242088
2024-08-22 11:00:00,26.36961855672351
2024-08-22 13:00:00,26.41192250891063
2024-08-22 15:00:00,26.47599372832311
2024-08-22 17:00:00,26.56727322627335
2024-08-22 19:00:00,26.607378850767823
2024-08-22 21:00:00,26.62234552175412
2024-08-22 23:00:00,26.637726687456237
2024-08-23 01:00:00,26.657046816646936
2024-08-23 03:00:00,26.67853001985275
2024-08-23 11:00:00,26.39459244514243
2024-08-23 13:00:00,26.498189685342684
2024-08-23 15:00:00,26.648683373607216
2024-08-23 17:00:00,26.770790462416898
2024-08-23 19:00:00,26.830000668963876
2024-08-23 21:00:00,26.85906085334863
2024-08-23 23:00:00,26.88799209037531
2024-08-24 01:00:00,26.91231932429271
2024-08-24 03:00:00,26.929116022021248
2024-08-24 11:00:00,26.689020653593026
2024-08-24 13:00:00,26.740802987691076
2024-08-24 15:00:00,26.76626622134681
2024-08-24 17:00:00,26.82199608748788
2024-08-24 19:00:00,26.861563013868118
2024-08-24 21:00:00,26.93901963482908
2024-08-24 23:00:00,26.993450703415576
2024-08-25 01:00:00,27.021064648375972
2024-08-25 03:00:00,27.083715109706546
2024-08-25 11:00:00,27.23080348634076
2024-08-25 13:00:00,27.2790936541851
2024-08-25 15:00:00,27.32993561688044
2024-08-25 17:00:00,27.40089333642883
2024-08-25 19:00:00,27.44536239808252
2024-08-25 21:00:00,27.467003967632706
2024-08-25 23:00:00,27.489455145857555
2024-08-26 01:00:00,27.51866747351248
2024-08-26 03:00:00,27.55117030629978
2024-08-26 11:00:00,27.700677797003905
2024-08-26 13:00:00,27.42067105789107
2024-08-26 15:00:00,27.064260650078673
2024-08-26 17:00:00,26.991096152972162
2024-08-26 19:00:00,26.98004681918394
2024-08-26 21:00:00,26.980116417726695
2024-08-26 23:00:00,26.993250633894387
2024-08-27 01:00:00,26.99996857730787
2024-08-27 03:00:00,27.022947660223046
2024-08-27 11:00:00,27.091032684901986
2024-08-27 13:00:00,27.155172070218704
2024-08-27 15:00:00,27.233273864339118
2024-08-27 17:00:00,27.32230508007978
2024-08-27 19:00:00,27.37127390337006
2024-08-27 21:00:00,27.37920945571974
2024-08-27 23:00:00,27.412681485993552
2024-08-28 01:00:00,27.443615334552746
2024-08-28 03:00:00,27.465747483911912
2024-08-28 11:00:00,27.642875411724898
2024-08-28 13:00:00,27.71376588888272
2024-08-28 15:00:00,27.80806478138532
2024-08-28 17:00:00,27.877233856787853
2024-08-28 19:00:00,27.891413225470146
2024-08-28 21:00:00,27.907260292779235
2024-08-28 23:00:00,27.920217069826162
2024-08-29 01:00:00,27.93407002282847
2024-08-29 03:00:00,27.955333268348852
2024-08-29 11:00:00,28.124188300477154
2024-08-29 13:00:00,28.201059776224177
2024-08-29 15:00:00,28.26970125169016
2024-08-29 17:00:00,28.307048365575753
2024-08-29 19:00:00,27.734735648167163
2024-08-29 21:00:00,27.603558035556766
2024-08-29 23:00:00,27.56412262187706
2024-08-30 01:00:00,27.563161305764275
2024-08-30 03:00:00,27.558694134420488
2024-08-30 11:00:00,27.654945189340264
2024-08-30 13:00:00,27.674516151414984
2024-08-30 15:00:00,27.71459827286605
2024-08-30 17:00:00,27.705550139632837
2024-08-30 19:00:00,27.716719892400185
2024-08-30 21:00:00,27.31900604657848
2024-08-30 23:00:00,27.141934712488023
2024-08-31 01:00:00,26.94080537198065
2024-08-31 03:00:00,26.904905276435663
2024-08-31 11:00:00,26.80885745388831
2024-08-31 13:00:00,26.898019635888915
2024-08-31 15:00:00,26.93982873000354
2024-08-31 17:00:00,26.927282483263774
2024-08-31 19:00:00,26.725761725522013
2024-08-31 21:00:00,26.68923117640154
2024-08-31 23:00:00,26.69602690049402
2024-09-01 01:00:00,26.696479807908176
2024-09-01 03:00:00,26.70369893903745
2024-09-01 11:00:00,26.847074071836165
2024-09-01 13:00:00,26.89566725361575
2024-09-01 15:00:00,26.989279996461146
2024-09-01 17:00:00,27.05454466230806
2024-09-01 19:00:00,27.069865322226114
2024-09-01 21:00:00,27.071131080231055
2024-09-01 23:00:00,27.086312158907685
2024-09-02 01:00:00,27.097681737285445
2024-09-02 03:00:00,27.102191782369708
2024-09-02 11:00:00,27.23604868730765
2024-09-02 13:00:00,27.066210329038455
2024-09-02 15:00:00,26.799042983423924
2024-09-02 17:00:00,26.528030667283005
2024-09-02 19:00:00,26.45878060422252
2024-09-02 21:00:00,26.425308468348327
2024-09-02 23:00:00,26.404292216003057
2024-09-03 01:00:00,26.3721755526749
2024-09-03 03:00:00,26.35541537450768
2024-09-03 11:00:00,25.836655522406346
2024-09-03 13:00:00,25.963553308232708
2024-09-03 15:00:00,26.074564001880915
2024-09-03 17:00:00,26.150601106915005
2024-09-03 19:00:00,26.206251422783396
2024-09-03 21:00:00,26.21609449202119
2024-09-03 23:00:00,26.253519116731994
2024-09-04 01:00:00,26.274614216692036
2024-09-04 03:00:00,26.316193633748618
2024-09-04 11:00:00,26.139836736052665
2024-09-04 13:00:00,26.071549291436213
2024-09-04 15:00:00,26.109459671498954
2024-09-04 17:00:00,26.167466945659996
2024-09-04 19:00:00,26.116662691335456
2024-09-04 21:00:00,26.207984201610536
2024-09-04 23:00:00,26.22514471033716
2024-09-05 01:00:00,26.266177576562168
2024-09-05 03:00:00,26.28506160972409
2024-09-05 11:00:00,26.410453314577232
2024-09-05 13:00:00,26.437876968730556
2024-09-05 15:00:00,26.485076925121284
2024-09-05 17:00:00,26.487993564667377
2024-09-05 19:00:00,26.334818237933305
2024-09-05 21:00:00,26.336915045302774
2024-09-05 23:00:00,26.35398820447474
2024-09-07 01:00:00,26.650820150891235
2024-09-07 03:00:00,26.73495557515312
2024-09-07 11:00:00,26.865726986123995
2024-09-07 13:00:00,26.915265564345344
