dates,median_rhoa_E3
2024-03-18 01:00:00,24.5481805280825
2024-03-18 03:00:00,24.6091168598198
2024-03-18 11:00:00,24.0764386135547
2024-03-18 13:00:00,24.0273938554911
2024-03-18 15:00:00,24.0870768031466
2024-03-18 17:00:00,24.2568564030506
2024-03-18 19:00:00,24.3107464877518
2024-03-18 21:00:00,24.2922968767635
2024-03-18 23:00:00,24.3058072911689
2024-03-19 01:00:00,24.3089330620168
2024-03-19 03:00:00,24.3653425430022
2024-03-19 11:00:00,24.4497878473432
2024-03-19 13:00:00,24.5104013927047
2024-03-19 15:00:00,24.5948848336879
2024-03-19 17:00:00,24.6669011699247
2024-03-19 19:00:00,24.5973137892129
2024-03-19 21:00:00,24.6065956794244
2024-03-19 23:00:00,24.6225240759933
2024-03-20 01:00:00,24.6851838337342
2024-03-20 03:00:00,24.7800968694898
2024-03-20 11:00:00,24.5765461279459
2024-03-20 13:00:00,24.5518733204231
2024-03-20 15:00:00,24.6368028649052
2024-03-20 17:00:00,24.5736862308101
2024-03-20 19:00:00,24.578973226481
2024-03-20 21:00:00,24.5962994982236
2024-03-20 23:00:00,24.647321701313
2024-03-21 01:00:00,24.7051907686234
2024-03-21 03:00:00,24.7234135211995
2024-03-21 11:00:00,24.0361182242202
2024-03-21 13:00:00,23.9643748616909
2024-03-21 15:00:00,24.042534847156
2024-03-21 17:00:00,24.209820529086
2024-03-21 19:00:00,24.2639190259179
2024-03-21 21:00:00,24.2960401020182
2024-03-21 23:00:00,24.3598253974624
2024-03-22 01:00:00,24.4154120589065
2024-03-22 03:00:00,24.4740275122203
2024-03-22 11:00:00,24.4404963898545
2024-03-22 13:00:00,24.3290081941169
2024-03-22 15:00:00,24.299315885881
2024-03-22 17:00:00,24.3540813668816
2024-03-22 19:00:00,24.3733059526143
2024-03-22 21:00:00,24.3654134909731
2024-03-22 23:00:00,24.4215786747546
2024-03-23 01:00:00,24.4952058289028
2024-03-23 03:00:00,24.5095825178285
2024-03-23 11:00:00,23.7518637926896
2024-03-23 13:00:00,23.2071983385897
2024-03-23 15:00:00,23.3099623581059
2024-03-23 17:00:00,23.19759965882
2024-03-23 19:00:00,23.2463421943753
2024-03-23 21:00:00,23.2585291414759
2024-03-23 23:00:00,23.2608875601675
2024-03-24 01:00:00,23.2494360779238
2024-03-24 03:00:00,23.2615879919334
2024-03-24 11:00:00,22.9335524481807
2024-03-24 13:00:00,22.8004119047335
2024-03-24 15:00:00,22.6345029073452
2024-03-24 17:00:00,22.7348942747116
2024-03-24 19:00:00,22.8448889271175
2024-03-24 21:00:00,22.8831781842964
2024-03-24 23:00:00,22.919417285399
2024-03-25 01:00:00,22.9376127946576
2024-03-25 03:00:00,22.9689453785445
2024-03-25 11:00:00,22.9504125664902
2024-03-25 13:00:00,22.9786973213278
2024-03-25 15:00:00,23.1403690822736
2024-03-25 17:00:00,23.2985280440522
2024-03-25 21:00:00,23.5098561486165
2024-03-25 23:00:00,23.5067784891935
2024-03-26 01:00:00,23.4725057376846
2024-03-26 03:00:00,23.5311039677589
2024-03-26 11:00:00,22.7212776085274
2024-03-26 13:00:00,22.9266228237864
2024-03-26 15:00:00,23.1708585608731
2024-03-26 17:00:00,23.3017585444634
2024-03-26 19:00:00,23.4077716080401
2024-03-26 21:00:00,23.4528548817666
2024-03-26 23:00:00,23.5226847891189
2024-03-27 01:00:00,23.5630786753485
2024-03-27 03:00:00,23.6508115088481
2024-03-27 11:00:00,22.4886845894406
2024-03-27 13:00:00,22.3731292096129
2024-03-27 17:00:00,22.5264808312013
2024-03-27 19:00:00,22.5492850648098
2024-03-27 21:00:00,22.6014389665896
2024-03-27 23:00:00,22.6251610176881
2024-03-28 01:00:00,22.6537292354721
2024-03-28 03:00:00,22.7113903896282
2024-03-28 11:00:00,22.6840664356995
2024-03-28 13:00:00,22.5747455801434
2024-03-28 15:00:00,22.5929636106658
2024-03-28 17:00:00,22.637925770174
2024-03-28 19:00:00,22.7000770823025
2024-03-28 21:00:00,22.7356419157537
2024-03-28 23:00:00,22.7596289884498
2024-03-29 01:00:00,22.7687118831431
2024-03-29 03:00:00,22.8125776420383
2024-03-29 11:00:00,22.7332167066785
2024-03-29 13:00:00,22.7037330031744
2024-03-29 15:00:00,22.7228992791951
2024-03-29 17:00:00,22.8096104297501
2024-03-29 19:00:00,22.8593994164731
2024-03-29 21:00:00,22.9027061420945
2024-03-29 23:00:00,22.9288106974524
2024-03-30 01:00:00,22.9675210530697
2024-03-30 03:00:00,22.9529026800199
2024-03-30 11:00:00,22.8531748483151
2024-03-30 13:00:00,22.4847493787519
2024-03-30 15:00:00,22.3701896517805
2024-03-30 17:00:00,22.4082303192086
2024-03-30 19:00:00,22.479931007641
2024-03-30 21:00:00,22.502234825999
2024-03-30 23:00:00,22.5280236947669
2024-03-31 01:00:00,22.5765088273936
2024-03-31 03:00:00,22.6013261028089
2024-03-31 11:00:00,22.7960305298864
2024-03-31 13:00:00,22.8056899044341
2024-03-31 15:00:00,22.8609686135696
2024-03-31 17:00:00,22.9334531712643
2024-03-31 19:00:00,23.0294603987841
2024-03-31 21:00:00,22.9958986579316
2024-03-31 23:00:00,23.0271120962892
2024-04-01 01:00:00,23.0617524503138
2024-04-01 03:00:00,23.0370737805771
2024-04-01 11:00:00,22.2707585179934
2024-04-01 13:00:00,22.3026359330779
2024-04-01 15:00:00,22.4426410056041
2024-04-01 17:00:00,22.5410807449919
2024-04-01 19:00:00,22.5925814382086
2024-04-01 21:00:00,22.6492743638438
2024-04-01 23:00:00,22.6204116747486
2024-04-02 01:00:00,22.6769967325964
2024-04-02 03:00:00,22.6787554074308
2024-04-02 11:00:00,22.6715675427679
2024-04-02 13:00:00,22.5592931514046
2024-04-02 15:00:00,22.5715604032462
2024-04-02 17:00:00,22.6414727802011
2024-04-02 19:00:00,22.651490133927
2024-04-02 21:00:00,22.6377133620432
2024-04-02 23:00:00,22.7222378740954
2024-04-03 01:00:00,22.7123115275853
2024-04-03 03:00:00,22.7443391903682
2024-04-03 11:00:00,22.8222625588717
2024-04-03 13:00:00,22.8446752951626
2024-04-03 15:00:00,22.9007184861195
2024-04-03 17:00:00,23.0004474218044
2024-04-03 19:00:00,23.0506961958664
2024-04-03 21:00:00,23.0731667354389
2024-04-03 23:00:00,23.1001041077649
2024-04-04 01:00:00,23.1195022989687
2024-04-04 03:00:00,23.1605659514092
2024-04-04 11:00:00,22.1762067098838
2024-04-04 13:00:00,21.9771615908841
2024-04-04 15:00:00,21.9820536079868
2024-04-04 17:00:00,21.8737691105009
2024-04-04 19:00:00,21.9634906840125
2024-04-04 21:00:00,21.8899189255228
2024-04-04 23:00:00,21.9531008745733
2024-04-05 01:00:00,21.9963298100303
2024-04-05 03:00:00,22.0647924621222
2024-04-05 11:00:00,22.0784249184489
2024-04-05 13:00:00,22.0590062132515
2024-04-05 15:00:00,22.0595512372315
2024-04-05 17:00:00,22.0652404143964
2024-04-05 19:00:00,22.1242757905583
2024-04-05 21:00:00,22.1834413095816
2024-04-05 23:00:00,22.2672585206248
2024-04-06 01:00:00,22.2719964176329
2024-04-06 13:00:00,22.1008982683749
2024-04-06 15:00:00,22.0934171393461
2024-04-06 17:00:00,22.2237854489334
2024-04-06 19:00:00,22.2586473390749
2024-04-06 21:00:00,22.3112183496207
2024-04-06 23:00:00,22.3726085345337
2024-04-07 01:00:00,22.3872956642125
2024-04-07 03:00:00,22.4419024521944
2024-04-07 11:00:00,22.4632158962965
2024-04-07 13:00:00,22.4659632751997
2024-04-07 15:00:00,22.5428634723598
2024-04-07 17:00:00,22.5282968662343
2024-04-07 19:00:00,22.583143266037
2024-04-07 21:00:00,22.6563560568305
2024-04-07 23:00:00,22.6483331971777
2024-04-08 01:00:00,22.6596106816838
2024-04-08 03:00:00,22.791109885985
2024-04-08 11:00:00,21.5703957802575
2024-04-08 13:00:00,21.9320717201056
2024-04-08 15:00:00,22.1292687965925
2024-04-08 17:00:00,22.3212219748976
2024-04-08 19:00:00,22.4209610377101
2024-04-08 21:00:00,22.503487035572
2024-04-08 23:00:00,22.504160002483
2024-04-09 01:00:00,22.6129833341354
2024-04-09 03:00:00,22.5282821785887
2024-04-09 11:00:00,22.6750426498552
2024-04-09 13:00:00,22.641815505501
2024-04-09 15:00:00,22.6965329636
2024-04-09 17:00:00,22.7303805405838
2024-04-09 19:00:00,22.8444653101181
2024-04-09 21:00:00,22.9457524686263
2024-04-09 23:00:00,23.0278636606904
2024-04-10 01:00:00,23.0688992131013
2024-04-10 03:00:00,23.0994651458106
2024-04-10 11:00:00,23.3137522742608
2024-04-10 13:00:00,23.3305545798416
2024-04-10 15:00:00,23.3024023888315
2024-04-10 17:00:00,23.3327409532392
2024-04-10 19:00:00,23.4265863682823
2024-04-10 21:00:00,23.4113325209334
2024-04-10 23:00:00,23.4092705926892
2024-04-11 01:00:00,23.4817094053331
2024-04-11 03:00:00,23.4947670159016
2024-04-11 11:00:00,23.2126122463383
2024-04-11 13:00:00,23.1375849426621
2024-04-11 15:00:00,23.1130830501291
2024-04-11 17:00:00,22.7481806015835
2024-04-11 19:00:00,22.7643485620692
2024-04-11 21:00:00,22.78742043034
2024-04-11 23:00:00,22.9007133246737
2024-04-12 01:00:00,22.9481966933393
2024-04-12 03:00:00,23.015621576891
2024-04-12 11:00:00,22.8729817989677
2024-04-12 13:00:00,22.6832506423287
2024-04-12 15:00:00,22.6121213317871
2024-04-12 17:00:00,22.5986135328841
2024-04-12 19:00:00,22.5616613898137
2024-04-12 21:00:00,22.50131749678
2024-04-12 23:00:00,22.6113662220299
2024-04-13 01:00:00,22.5720817225156
2024-04-13 03:00:00,22.6136926140868
2024-04-13 11:00:00,22.6204683660479
2024-04-13 13:00:00,22.5741771978351
2024-04-13 15:00:00,22.6102308967861
2024-04-13 17:00:00,22.663114108782
2024-04-13 19:00:00,22.6712933340364
2024-04-13 21:00:00,22.6831159448493
2024-04-13 23:00:00,22.7487884260456
2024-04-14 01:00:00,22.7513719225004
2024-04-14 03:00:00,22.7578772116543
2024-04-14 11:00:00,22.0042056559667
2024-04-14 13:00:00,21.8846908390372
2024-04-14 15:00:00,21.8465456758953
2024-04-14 17:00:00,21.8700459163669
2024-04-14 19:00:00,21.651099331397
2024-04-14 21:00:00,21.7044142440432
2024-04-14 23:00:00,21.7174320830625
2024-04-15 01:00:00,21.7510230051598
2024-04-15 03:00:00,21.8064050906187
2024-04-15 11:00:00,21.61816637146
2024-04-15 13:00:00,21.5990428888705
2024-04-15 15:00:00,21.6679377977994
2024-04-15 17:00:00,21.7270827742214
2024-04-15 19:00:00,21.759289335993
2024-04-15 21:00:00,21.771551482505
2024-04-15 23:00:00,21.7994481239812
2024-04-16 01:00:00,21.8522750733658
2024-04-16 03:00:00,21.8726148757873
2024-04-16 11:00:00,21.9541683616613
2024-04-16 13:00:00,22.0133691335173
2024-04-16 15:00:00,22.0663373689902
2024-04-16 17:00:00,22.0910551827403
2024-04-16 19:00:00,22.236328167508
2024-04-16 21:00:00,22.2970277315083
2024-04-16 23:00:00,22.1771686037583
2024-04-17 01:00:00,22.2611322576652
2024-04-17 03:00:00,22.3815050673913
2024-04-17 11:00:00,21.9941368892492
2024-04-17 13:00:00,22.1418784583785
2024-04-17 15:00:00,22.3733420650672
2024-04-17 17:00:00,22.5326168871594
2024-04-17 19:00:00,22.5994074050289
2024-04-17 21:00:00,22.6495016537049
2024-04-17 23:00:00,22.6945473343256
2024-04-18 01:00:00,22.7514417038256
2024-04-18 03:00:00,22.7285161651417
2024-04-18 11:00:00,22.2804173206931
2024-04-18 13:00:00,22.236421511011
2024-04-18 15:00:00,22.3220121818339
2024-04-18 17:00:00,22.3384520226434
2024-04-18 19:00:00,22.3307789433199
2024-04-18 21:00:00,22.4502870335357
2024-04-18 23:00:00,22.4443198265037
2024-04-19 01:00:00,22.4653168105297
2024-04-19 03:00:00,22.4697498804477
2024-04-19 11:00:00,22.4846254859162
2024-04-19 13:00:00,22.4158552099528
2024-04-19 15:00:00,22.4636429330837
2024-04-19 17:00:00,22.4946013812782
2024-04-19 19:00:00,22.497453789967
2024-04-19 21:00:00,22.5472416454138
2024-04-19 23:00:00,22.6084319468984
2024-04-20 01:00:00,22.6614212143688
2024-04-20 03:00:00,22.6885287469726
2024-04-20 11:00:00,22.8313099381593
2024-04-20 13:00:00,22.8554389547994
2024-04-20 15:00:00,22.8907144492162
2024-04-20 17:00:00,22.9050584234875
2024-04-20 19:00:00,22.9465006735695
2024-04-20 21:00:00,22.9848958964495
2024-04-20 23:00:00,22.9842573698261
2024-04-21 01:00:00,22.9759804533522
2024-04-21 03:00:00,23.0591273681286
2024-04-21 11:00:00,23.1476888831906
2024-04-21 13:00:00,23.1741347844649
2024-04-21 15:00:00,23.2290291805847
2024-04-21 17:00:00,23.1557988180991
2024-04-21 19:00:00,23.1793661902995
2024-04-21 21:00:00,23.2162599213337
2024-04-21 23:00:00,23.2351723521432
2024-04-22 01:00:00,23.25600290116
2024-04-22 03:00:00,23.2853171554313
2024-04-22 11:00:00,23.2857877048437
2024-04-22 13:00:00,22.8506213270839
2024-04-22 15:00:00,22.738544484979
2024-04-22 17:00:00,22.740297719869
2024-04-22 19:00:00,22.6316152569055
2024-04-22 21:00:00,22.6033802966179
2024-04-22 23:00:00,22.5817087612388
2024-04-23 01:00:00,22.6170581691445
2024-04-23 03:00:00,22.7936414564658
2024-04-23 11:00:00,22.9981723751003
2024-04-23 13:00:00,22.9684192012356
2024-04-23 15:00:00,22.2877417502469
2024-04-23 17:00:00,22.1233537428497
2024-04-23 19:00:00,21.9270215388776
2024-04-23 21:00:00,21.9243465755027
2024-04-23 23:00:00,21.9433982590954
2024-04-24 01:00:00,21.9383837681662
2024-04-24 03:00:00,21.9818442053717
2024-04-24 11:00:00,21.8991392509718
2024-04-24 13:00:00,21.9321656503529
2024-04-24 15:00:00,21.8149313674395
2024-04-24 17:00:00,21.8778517491376
2024-04-24 19:00:00,21.9307520713449
2024-04-24 21:00:00,21.9965226141742
2024-04-24 23:00:00,22.0422699614146
2024-04-25 01:00:00,22.1123865934892
2024-04-25 03:00:00,22.1518320299343
2024-04-25 11:00:00,22.39545859208
2024-04-25 13:00:00,22.4948612714817
2024-04-25 15:00:00,22.4837719051714
2024-04-25 17:00:00,22.352108474057
2024-04-25 19:00:00,22.4306771192896
2024-05-01 19:00:00,23.3230361629993
2024-05-01 21:00:00,23.369209961795903
2024-05-01 23:00:00,23.3338965543594
2024-05-02 01:00:00,23.35989724868145
2024-05-02 03:00:00,23.3958528508955
2024-05-02 11:00:00,23.48456667063525
2024-05-02 13:00:00,23.575186346962347
2024-05-02 15:00:00,23.63385367571945
2024-05-02 17:00:00,23.70518218613115
2024-05-02 19:00:00,23.72148952067115
2024-05-02 21:00:00,23.78547364312745
2024-05-02 23:00:00,23.86007673517235
2024-05-03 01:00:00,23.91179212254775
2024-05-03 03:00:00,23.95575385875845
2024-05-03 11:00:00,24.1452697255523
2024-05-03 13:00:00,24.1605449309745
2024-05-03 15:00:00,24.1920631474593
2024-05-03 17:00:00,23.7864175189617
2024-05-03 19:00:00,23.4980720637827
2024-05-03 21:00:00,23.4153881311311
2024-05-03 23:00:00,23.451685279965602
2024-05-04 01:00:00,23.432369056358148
2024-05-04 03:00:00,23.437050824834103
2024-05-04 11:00:00,22.495096984589352
2024-05-04 13:00:00,22.3403582970587
2024-05-04 15:00:00,22.24712789299695
2024-05-04 17:00:00,22.27890234639255
2024-05-04 19:00:00,22.34378442070225
2024-05-04 21:00:00,22.3355308976711
2024-05-04 23:00:00,22.384425468230603
2024-05-05 01:00:00,22.4314270999564
2024-05-05 03:00:00,22.4176472215519
2024-05-05 11:00:00,22.5030115622289
2024-05-05 13:00:00,22.49494189599985
2024-05-05 15:00:00,22.3795245930639
2024-05-05 19:00:00,22.3871033768092
2024-05-05 21:00:00,22.36531564109025
2024-05-05 23:00:00,22.42922029179835
2024-05-06 01:00:00,22.456620882852953
2024-05-06 03:00:00,22.51512344178945
2024-05-06 11:00:00,22.5363284010525
2024-05-06 13:00:00,22.56032890304155
2024-05-06 15:00:00,22.61941984348195
2024-05-06 17:00:00,22.6719383778171
2024-05-06 19:00:00,22.72790424466045
2024-05-06 21:00:00,22.71878445996775
2024-05-06 23:00:00,22.769110909063897
2024-05-07 01:00:00,22.80648102599585
2024-05-07 03:00:00,22.821856183605647
2024-05-07 11:00:00,22.89855221637755
2024-05-07 13:00:00,22.62089854479295
2024-05-07 15:00:00,22.63246874688825
2024-05-07 17:00:00,22.65003018628315
2024-05-07 19:00:00,22.6817442298521
2024-05-07 21:00:00,22.684191322496147
2024-05-07 23:00:00,22.719611576053147
2024-05-08 01:00:00,22.777116603381
2024-05-08 03:00:00,22.7780841197929
2024-05-08 11:00:00,22.925119889375402
2024-05-08 13:00:00,22.98369999657115
2024-05-08 15:00:00,23.04351843444545
2024-05-08 17:00:00,23.11489853989455
2024-05-08 19:00:00,23.194610843843748
2024-05-08 21:00:00,23.20622563908185
2024-05-08 23:00:00,23.2909282879883
2024-05-09 01:00:00,23.336030928883147
2024-05-09 03:00:00,23.4009550715575
2024-05-09 11:00:00,23.73439993176905
2024-05-09 13:00:00,23.781766029594948
2024-05-09 15:00:00,23.83929325301735
2024-05-09 17:00:00,23.8663798119488
2024-05-09 19:00:00,23.8885184083556
2024-05-09 21:00:00,23.85803591762355
2024-05-09 23:00:00,23.93194580556085
2024-05-10 01:00:00,23.9090291965254
2024-05-10 03:00:00,23.9670801817461
2024-05-10 11:00:00,22.4512515830662
2024-05-10 13:00:00,22.3550361880869
2024-05-10 15:00:00,22.3842387265684
2024-05-10 17:00:00,22.3780377786697
2024-05-10 19:00:00,22.3593836528214
2024-05-10 21:00:00,22.3674701306695
2024-05-10 23:00:00,22.3945972949222
2024-05-11 01:00:00,22.4319682511977
2024-05-11 03:00:00,22.4231288576851
2024-05-11 11:00:00,22.4836430010494
2024-05-11 13:00:00,22.4708660555331
2024-05-11 15:00:00,22.5153319023215
2024-05-11 17:00:00,22.5396147349919
2024-05-11 19:00:00,22.5477122556556
2024-05-11 21:00:00,22.53824123652
2024-05-11 23:00:00,22.5992940545282
2024-05-12 01:00:00,22.6250798491473
2024-05-12 03:00:00,22.6932595092983
2024-05-12 11:00:00,22.9658986422843
2024-05-12 13:00:00,23.0160872339807
2024-05-12 15:00:00,23.1273130548924
2024-05-12 17:00:00,23.214262119451
2024-05-12 19:00:00,23.2494647219826
2024-05-12 21:00:00,23.2716839146271
2024-05-12 23:00:00,23.2896069723951
2024-05-13 01:00:00,23.3595828193157
2024-05-13 03:00:00,23.4064811191425
2024-05-13 11:00:00,23.5514627086158
2024-05-13 13:00:00,23.3029234498623
2024-05-13 15:00:00,23.2247556842862
2024-05-13 17:00:00,23.211947451516
2024-05-13 21:00:00,22.4197403763166
2024-05-13 23:00:00,22.2932091495597
2024-05-14 01:00:00,22.3244584145729
2024-05-14 03:00:00,22.3580069576217
2024-05-14 11:00:00,22.4526729373548
2024-05-14 13:00:00,22.4837738396354
2024-05-14 15:00:00,22.4914506810909
2024-05-14 17:00:00,22.4794661284149
2024-05-14 19:00:00,22.5420097796154
2024-05-14 21:00:00,22.5790698883679
2024-05-14 23:00:00,22.6004133367709
2024-05-15 01:00:00,22.6477207400605
2024-05-15 03:00:00,22.6787895682554
2024-05-15 11:00:00,22.8671552597444
2024-05-15 15:00:00,22.976863873367
2024-05-15 17:00:00,23.0519689294633
2024-05-15 19:00:00,23.0872783036694
2024-05-15 21:00:00,23.1443345467634
2024-05-15 23:00:00,23.1921249379544
2024-05-16 01:00:00,23.2548080611549
2024-05-16 03:00:00,23.3390421575288
2024-05-16 11:00:00,23.142538779691
2024-05-16 13:00:00,23.2090035306221
2024-05-16 15:00:00,22.6002097959764
2024-05-16 17:00:00,22.4740101995464
2024-05-16 19:00:00,22.3920827032208
2024-05-16 21:00:00,22.4248515950792
2024-05-16 23:00:00,22.4280853243609
2024-05-17 01:00:00,22.4757263665747
2024-05-17 03:00:00,22.520060458667
2024-05-17 11:00:00,22.5487494289216
2024-05-17 13:00:00,22.5754158075895
2024-05-17 15:00:00,22.5920690171272
2024-05-17 17:00:00,22.6485390112847
2024-05-17 19:00:00,22.6504004454714
2024-05-17 21:00:00,22.6786111789018
2024-05-17 23:00:00,22.6952006817401
2024-05-18 01:00:00,22.7802198650213
2024-05-18 03:00:00,22.7666022183662
2024-05-18 11:00:00,22.8469784161211
2024-05-18 13:00:00,22.9269628633604
2024-05-18 15:00:00,22.9723692300592
2024-05-18 17:00:00,23.0334158495651
2024-05-18 19:00:00,23.0262186477839
2024-05-18 21:00:00,23.0918306038827
2024-05-18 23:00:00,23.1214231963025
2024-05-19 01:00:00,23.0818553392842
2024-05-19 03:00:00,23.1362363052463
2024-05-19 11:00:00,23.3239362324764
2024-05-19 13:00:00,23.4216102265612
2024-05-19 15:00:00,23.0723958511361
2024-05-19 17:00:00,23.1539299677099
2024-05-19 19:00:00,23.2157823235248
2024-05-19 21:00:00,23.289738144222
2024-05-19 23:00:00,23.3626819639539
2024-05-20 01:00:00,23.4807520509029
2024-05-20 03:00:00,23.6003842913078
2024-05-20 11:00:00,23.7668041740451
2024-05-20 13:00:00,23.8737804532808
2024-05-20 15:00:00,23.9297165805917
2024-05-20 17:00:00,23.9572292581383
2024-05-20 19:00:00,23.9867734816284
2024-05-20 21:00:00,23.9918618709707
2024-05-20 23:00:00,23.9864602280348
2024-05-21 01:00:00,24.0049702895584
2024-05-21 03:00:00,24.0777083523511
2024-05-21 11:00:00,23.7980487071896
2024-05-21 13:00:00,23.8792373178322
2024-05-21 15:00:00,23.6887802378856
2024-05-21 17:00:00,22.9177636764251
2024-05-21 19:00:00,22.6959001597426
2024-05-21 21:00:00,22.6303310688166
2024-05-21 23:00:00,22.6434527785851
2024-05-22 01:00:00,22.6784285293529
2024-05-22 03:00:00,22.6974606293654
2024-05-22 11:00:00,22.7024389495231
2024-05-22 13:00:00,22.7505240154615
2024-05-22 15:00:00,22.7523882147466
2024-05-22 17:00:00,22.6857144013905
2024-05-22 19:00:00,22.7346287679125
2024-05-22 21:00:00,22.7541294369271
2024-05-22 23:00:00,22.8166329021501
2024-05-23 01:00:00,22.8112846732225
2024-05-23 03:00:00,22.8000031124826
2024-05-23 13:00:00,23.0425764728328
2024-05-23 15:00:00,23.038081756055
2024-05-23 17:00:00,23.043830938238
2024-05-23 19:00:00,23.0775266100663
2024-05-23 21:00:00,23.115314777819
2024-05-23 23:00:00,23.090180502397
2024-05-24 01:00:00,23.1417935560877
2024-05-24 03:00:00,23.1331811668522
2024-05-24 11:00:00,23.3012023367133
2024-05-24 13:00:00,23.0943255558941
2024-05-24 15:00:00,22.989302326508
2024-05-24 17:00:00,23.0112693002585
2024-05-24 19:00:00,23.0369843836977
2024-05-24 21:00:00,23.0493538080052
2024-05-24 23:00:00,23.0865118448817
2024-05-25 01:00:00,23.0470113150974
2024-05-25 03:00:00,23.1178257332182
2024-05-25 11:00:00,23.2436451094033
2024-05-25 13:00:00,23.2717833878863
2024-05-25 15:00:00,23.3091681858737
2024-05-25 17:00:00,23.3859734469103
2024-05-25 19:00:00,23.4291015707596
2024-05-25 21:00:00,23.476275995895
2024-05-25 23:00:00,23.4795188045453
2024-05-26 01:00:00,23.5114841379944
2024-05-26 03:00:00,23.514494533398
2024-05-26 11:00:00,23.6284998423581
2024-05-26 13:00:00,23.6826785684442
2024-05-26 15:00:00,23.7228837942473
2024-05-26 17:00:00,23.7345304522645
2024-05-26 19:00:00,23.1350688108094
2024-05-26 21:00:00,23.2243832457978
2024-05-26 23:00:00,23.3204294791142
2024-05-27 01:00:00,23.3079244267591
2024-05-27 03:00:00,23.3530093438022
2024-05-27 11:00:00,23.7276645054194
2024-05-27 13:00:00,23.7371297860313
2024-05-27 15:00:00,23.8138619050049
2024-05-27 17:00:00,23.8447670104464
2024-05-27 19:00:00,23.8559772351226
2024-05-27 21:00:00,23.8891807374954
2024-05-27 23:00:00,23.9306612991454
2024-05-28 01:00:00,23.8667574718281
2024-05-28 03:00:00,23.9170610606795
2024-05-29 01:00:00,23.1301520180978
2024-05-29 03:00:00,23.1960397076989
2024-05-29 11:00:00,23.0979904212365
2024-05-29 13:00:00,23.1539476695958
2024-05-29 15:00:00,23.1422403954671
2024-05-29 17:00:00,23.2099705172006
2024-05-29 19:00:00,23.2788814178827
2024-05-29 21:00:00,23.3338029699454
2024-05-29 23:00:00,23.3730602149118
2024-05-30 01:00:00,23.39836987987
2024-05-30 03:00:00,23.4410626208248
2024-05-30 11:00:00,23.5568275893377
2024-05-30 13:00:00,23.5616270011148
2024-05-30 15:00:00,23.6195303782459
2024-05-30 17:00:00,23.6000496655822
2024-05-30 19:00:00,23.5880617544747
2024-05-30 21:00:00,23.5626888117344
2024-05-30 23:00:00,23.6226979225899
2024-05-31 01:00:00,23.6362376839093
2024-05-31 03:00:00,23.6833705930797
2024-05-31 13:00:00,23.9417818892638
2024-05-31 15:00:00,23.9732932151971
2024-05-31 17:00:00,24.010489858539
2024-05-31 19:00:00,24.0457326874452
2024-05-31 21:00:00,24.0896795926266
2024-05-31 23:00:00,24.0710380845613
2024-06-01 01:00:00,24.1114608091227
2024-06-01 03:00:00,24.1381256336618
2024-06-01 11:00:00,24.3699576462357
2024-06-01 13:00:00,24.4188202359686
2024-06-01 17:00:00,24.364490358689
2024-06-01 19:00:00,24.3562513169197
2024-06-01 21:00:00,24.3276315870982
2024-06-01 23:00:00,24.3674116535472
2024-06-02 01:00:00,24.3299398578085
2024-06-02 03:00:00,24.3648320925582
2024-06-02 11:00:00,23.5748713524458
2024-06-02 13:00:00,23.5839350203862
2024-06-02 15:00:00,23.6428248510683
2024-06-02 17:00:00,23.5292990212553
2024-06-02 19:00:00,23.3863043677287
2024-06-02 21:00:00,23.4646580355044
2024-06-02 23:00:00,23.5148115953008
2024-06-03 01:00:00,23.5038836734161
2024-06-03 03:00:00,23.532458437513
2024-06-03 11:00:00,23.6544730049949
2024-06-03 13:00:00,23.6953608718751
2024-06-03 15:00:00,23.7474509330642
2024-06-03 17:00:00,23.7610936819137
2024-06-03 19:00:00,23.7917922715565
2024-06-03 21:00:00,23.8636426734087
2024-06-03 23:00:00,23.8828013030344
2024-06-04 01:00:00,23.9806082917961
2024-06-04 03:00:00,23.8782491194137
2024-06-04 11:00:00,24.1707517147755
2024-06-04 13:00:00,24.2462616495625
2024-06-04 15:00:00,24.352403706994
2024-06-04 17:00:00,24.3620873391857
2024-06-04 19:00:00,24.4329320452332
2024-06-04 21:00:00,24.297991584373
2024-06-04 23:00:00,24.3699943482401
2024-06-05 01:00:00,24.3346728474435
2024-06-05 03:00:00,24.3982076761228
2024-06-05 11:00:00,24.5057500630708
2024-06-05 13:00:00,24.5243487642962
2024-06-05 15:00:00,24.6289662920992
2024-06-05 17:00:00,24.6819062714064
2024-06-05 19:00:00,24.6478691225111
2024-06-05 21:00:00,24.6242781615473
2024-06-05 23:00:00,24.6878649135702
2024-06-06 01:00:00,24.6930118544941
2024-06-06 03:00:00,24.7247181685976
2024-06-06 11:00:00,24.8550441910974
2024-06-06 13:00:00,24.9074708695915
2024-06-06 15:00:00,24.8684737669325
2024-06-06 17:00:00,24.9176017949494
2024-06-06 19:00:00,24.9252412689829
2024-06-06 21:00:00,24.8812536233644
2024-06-06 23:00:00,24.7973254645056
2024-06-07 01:00:00,24.7858233246828
2024-06-07 03:00:00,24.8468307991847
2024-06-07 11:00:00,24.8706170712154
2024-06-07 13:00:00,24.7747190264535
2024-06-07 15:00:00,24.5739626905589
2024-06-07 17:00:00,24.3436788074743
2024-06-07 19:00:00,24.1859799131721
2024-06-07 21:00:00,24.2391532110305
2024-06-07 23:00:00,24.2351724383858
2024-06-08 01:00:00,24.2505763448415
2024-06-08 03:00:00,24.2246430492042
2024-06-08 11:00:00,24.1373977722046
2024-06-08 13:00:00,24.1027625551178
2024-06-08 15:00:00,23.6442009992737
2024-06-08 17:00:00,23.480095061626
2024-06-08 21:00:00,23.2533600825998
2024-06-08 23:00:00,23.2977619363441
2024-06-09 01:00:00,23.3275356922261
2024-06-09 03:00:00,23.3923843534483
2024-06-09 11:00:00,23.4248823411004
2024-06-09 13:00:00,23.429459100466
2024-06-09 15:00:00,23.4422096475871
2024-06-09 17:00:00,23.480862963243
2024-06-09 19:00:00,23.5462162923362
2024-06-09 21:00:00,23.549060156704
2024-06-09 23:00:00,23.54693377885
2024-06-10 01:00:00,23.6270422876764
2024-06-10 03:00:00,23.5725863606252
2024-06-10 11:00:00,23.4453020631563
2024-06-10 13:00:00,23.4953916413596
2024-06-10 15:00:00,23.4920323777509
2024-06-10 17:00:00,23.5812117503319
2024-06-10 19:00:00,23.5646999464371
2024-06-10 21:00:00,23.5872649304571
2024-06-10 23:00:00,23.5667510701896
2024-06-11 01:00:00,23.5931855212447
2024-06-11 03:00:00,23.6354837097624
2024-06-11 11:00:00,23.703755912125
2024-06-11 13:00:00,23.8060810547107
2024-06-11 15:00:00,23.7988499954443
2024-06-11 17:00:00,23.7127049778717
2024-06-11 19:00:00,23.6888602893279
2024-06-11 21:00:00,23.7296105830712
2024-06-11 23:00:00,23.7139038767136
2024-06-12 01:00:00,23.7809471046966
2024-06-12 03:00:00,23.7853697484328
2024-06-12 11:00:00,23.9572701067019
2024-06-12 13:00:00,23.9903755060247
2024-06-12 15:00:00,24.0364126326848
2024-06-12 17:00:00,24.0843029274254
2024-06-12 19:00:00,24.1136200531054
2024-06-12 21:00:00,24.1261617347097
2024-06-12 23:00:00,24.1316790111459
2024-06-13 01:00:00,24.1773326920448
2024-06-13 11:00:00,23.9738742944819
2024-06-13 13:00:00,24.0044574976058
2024-06-13 15:00:00,24.0720538893561
2024-06-13 17:00:00,24.1702791368355
2024-06-13 19:00:00,24.1796884120966
2024-06-13 21:00:00,24.1614361549359
2024-06-13 23:00:00,24.2229997180578
2024-06-14 01:00:00,24.1982835781145
2024-06-14 03:00:00,24.21082697255
2024-06-14 11:00:00,24.1553685192315
2024-06-14 13:00:00,24.0712767709199
2024-06-14 15:00:00,23.9567136774969
2024-06-14 17:00:00,23.9925554004791
2024-06-14 19:00:00,24.0280265099021
2024-06-14 23:00:00,24.0800786846682
2024-06-15 01:00:00,24.0445980989375
2024-06-15 03:00:00,24.1429707317081
2024-06-15 11:00:00,23.3342963004822
2024-06-15 13:00:00,23.2056803452121
2024-06-15 15:00:00,23.2700656044602
2024-06-15 17:00:00,23.2832348059116
2024-06-15 19:00:00,23.3031369681224
2024-06-15 21:00:00,23.3625473248051
2024-06-15 23:00:00,23.3057079052563
2024-06-16 01:00:00,23.3648403076277
2024-06-16 03:00:00,23.3648893241924
2024-06-16 11:00:00,23.4672697427952
2024-06-16 13:00:00,23.5145202314527
2024-06-16 15:00:00,23.5133295169597
2024-06-16 17:00:00,23.6333512254872
2024-06-16 19:00:00,23.5994155625617
2024-06-16 21:00:00,23.6134741593059
2024-06-16 23:00:00,23.6144347865324
2024-06-17 01:00:00,23.6139071413957
2024-06-17 03:00:00,23.6385523733641
2024-06-17 11:00:00,23.7384040384645
2024-06-17 13:00:00,23.7518455028903
2024-06-17 15:00:00,23.8180588873298
2024-06-17 17:00:00,23.8509451885294
2024-06-17 19:00:00,23.9036990024762
2024-06-17 21:00:00,23.9479446453521
2024-06-17 23:00:00,23.9457136305857
2024-06-18 01:00:00,23.9362399161836
2024-06-18 03:00:00,23.967958413324
2024-06-18 11:00:00,24.1200846364199
2024-06-18 13:00:00,24.2240262515426
2024-06-18 15:00:00,24.3405668166969
2024-06-18 17:00:00,24.4020710840665
2024-06-18 19:00:00,24.4125254175042
2024-06-18 21:00:00,24.4165663006292
2024-06-18 23:00:00,24.4311614220551
