% Model,Untitled.mph,,,,,,,,,,,,,,,,,,,,,,,,,,,,,,,,,,,,,,,,,
% Version,COMSOL 5.6.0.401,,,,,,,,,,,,,,,,,,,,,,,,,,,,,,,,,,,,,,,,,
% Date,"Aug 2 2024, 10:55",,,,,,,,,,,,,,,,,,,,,,,,,,,,,,,,,,,,,,,,,
% Dimension,2,,,,,,,,,,,,,,,,,,,,,,,,,,,,,,,,,,,,,,,,,
% Nodes,210,,,,,,,,,,,,,,,,,,,,,,,,,,,,,,,,,,,,,,,,,
% Expressions,41,,,,,,,,,,,,,,,,,,,,,,,,,,,,,,,,,,,,,,,,,
% Description,Liquid volume fraction,,,,,,,,,,,,,,,,,,,,,,,,,,,,,,,,,,,,,,,,,
% Length unit,m,,,,,,,,,,,,,,,,,,,,,,,,,,,,,,,,,,,,,,,,,
X,Y,t=0h,t=3h,t=6h,t=9h,t=12h,t=15h,t=18h,t=21h,t=24h,t=27h,t=30h,t=33h,t=36h,t=39h,t=42h,t=45h,t=48h,t=51h,t=54h,t=57h,t=60h,t=63h,t=66h,t=69h,t=72h,t=75h,t=78h,t=81h,t=84h,t=87h,t=90h,t=93h,t=96h,t=99h,t=102h,t=105h,t=108h,t=111h,t=114h,t=117h,t=120h
0,-10,0.43,0.43,0.43,0.43,0.43,0.43,0.43,0.43,0.43,0.43,0.43,0.43,0.43,0.43,0.43,0.43,0.43,0.43,0.43,0.43,0.43,0.43,0.43,0.43,0.43,0.43,0.43,0.43,0.43,0.43,0.43,0.43,0.43,0.43,0.43,0.43,0.43,0.43,0.43,0.43,0.43
10,-10,0.43,0.43,0.43,0.43,0.43,0.43,0.43,0.43,0.43,0.43,0.43,0.43,0.43,0.43,0.43,0.43,0.43,0.43,0.43,0.43,0.43,0.43,0.43,0.43,0.43,0.43,0.43,0.43,0.43,0.43,0.43,0.43,0.43,0.43,0.43,0.43,0.43,0.43,0.43,0.43,0.43
0,-9.5,0.43,0.43,0.43,0.43,0.43,0.43,0.43,0.43,0.43,0.43,0.43,0.43,0.43,0.43,0.43,0.43,0.43,0.43,0.43,0.43,0.43,0.43,0.43,0.43,0.43,0.43,0.43,0.43,0.43,0.43,0.43,0.43,0.43,0.43,0.43,0.43,0.43,0.43,0.43,0.43,0.43
10,-9.5,0.43,0.43,0.43,0.43,0.43,0.43,0.43,0.43,0.43,0.43,0.43,0.43,0.43,0.43,0.43,0.43,0.43,0.43,0.43,0.43,0.43,0.43,0.43,0.43,0.43,0.43,0.43,0.43,0.43,0.43,0.43,0.43,0.43,0.43,0.43,0.43,0.43,0.43,0.43,0.43,0.43
0,-9,0.43,0.43,0.43,0.43,0.43,0.43,0.43,0.43,0.43,0.43,0.43,0.43,0.43,0.43,0.43,0.43,0.43,0.43,0.43,0.43,0.43,0.43,0.43,0.43,0.43,0.43,0.43,0.43,0.43,0.43,0.43,0.43,0.43,0.43,0.43,0.43,0.43,0.43,0.43,0.43,0.43
10,-9,0.43,0.43,0.43,0.43,0.43,0.43,0.43,0.43,0.43,0.43,0.43,0.43,0.43,0.43,0.43,0.43,0.43,0.43,0.43,0.43,0.43,0.43,0.43,0.43,0.43,0.43,0.43,0.43,0.43,0.43,0.43,0.43,0.43,0.43,0.43,0.43,0.43,0.43,0.43,0.43,0.43
20,-10,0.43,0.43,0.43,0.43,0.43,0.43,0.43,0.43,0.43,0.43,0.43,0.43,0.43,0.43,0.43,0.43,0.43,0.43,0.43,0.43,0.43,0.43,0.43,0.43,0.43,0.43,0.43,0.43,0.43,0.43,0.43,0.43,0.43,0.43,0.43,0.43,0.43,0.43,0.43,0.43,0.43
20,-9.5,0.43,0.43,0.43,0.43,0.43,0.43,0.43,0.43,0.43,0.43,0.43,0.43,0.43,0.43,0.43,0.43,0.43,0.43,0.43,0.43,0.43,0.43,0.43,0.43,0.43,0.43,0.43,0.43,0.43,0.43,0.43,0.43,0.43,0.43,0.43,0.43,0.43,0.43,0.43,0.43,0.43
0,-8.5,0.43,0.43,0.43,0.43,0.43,0.43,0.43,0.43,0.43,0.43,0.43,0.43,0.43,0.43,0.43,0.43,0.43,0.43,0.43,0.43,0.43,0.43,0.428647207,0.357179308,0.308281177,0.301459526,0.298927396,0.292420367,0.286329673,0.28019274,0.273995969,0.265961079,0.258178815,0.250659172,0.243257063,0.234825537,0.226792238,0.224334304,0.222042706,0.225382742,0.229804955
10,-8.5,0.43,0.43,0.43,0.43,0.43,0.43,0.43,0.43,0.43,0.43,0.43,0.43,0.43,0.43,0.43,0.43,0.43,0.43,0.43,0.43,0.43,0.43,0.428648693,0.357233083,0.308297434,0.301458278,0.29892394,0.292417724,0.286327858,0.280191224,0.273994728,0.265959922,0.25817774,0.250658178,0.243256169,0.234824924,0.226791883,0.224334182,0.22204281,0.225383075,0.229805529
20,-9,0.43,0.43,0.43,0.43,0.43,0.43,0.43,0.43,0.43,0.43,0.43,0.43,0.43,0.43,0.43,0.43,0.43,0.43,0.43,0.43,0.43,0.43,0.43,0.43,0.43,0.43,0.43,0.43,0.43,0.43,0.43,0.43,0.43,0.43,0.43,0.43,0.43,0.43,0.43,0.43,0.43
30,-10,0.43,0.43,0.43,0.43,0.43,0.43,0.43,0.43,0.43,0.43,0.43,0.43,0.43,0.43,0.43,0.43,0.43,0.43,0.43,0.43,0.43,0.43,0.43,0.43,0.43,0.43,0.43,0.43,0.43,0.43,0.43,0.43,0.43,0.43,0.43,0.43,0.43,0.43,0.43,0.43,0.43
30,-9.5,0.43,0.43,0.43,0.43,0.43,0.43,0.43,0.43,0.43,0.43,0.43,0.43,0.43,0.43,0.43,0.43,0.43,0.43,0.43,0.43,0.43,0.43,0.43,0.43,0.43,0.43,0.43,0.43,0.43,0.43,0.43,0.43,0.43,0.43,0.43,0.43,0.43,0.43,0.43,0.43,0.43
0,-8,0.43,0.43,0.43,0.43,0.43,0.43,0.43,0.43,0.43,0.43,0.43,0.43,0.43,0.43,0.43,0.362214909,0.355031141,0.377106001,0.401811877,0.412385107,0.416585178,0.416899315,0.407796836,0.371253398,0.332732062,0.317130267,0.313580206,0.308767063,0.30339852,0.298106533,0.292757664,0.28617969,0.279723696,0.273400367,0.267096096,0.25986696,0.252860227,0.249468652,0.246216018,0.247405027,0.249372958
10,-8,0.43,0.43,0.43,0.43,0.43,0.43,0.43,0.43,0.43,0.43,0.43,0.43,0.43,0.43,0.43,0.362293009,0.355099083,0.376903397,0.401702946,0.412369825,0.416593823,0.416903693,0.407793622,0.371268787,0.332746093,0.31713414,0.313577719,0.308764146,0.303396797,0.29810517,0.292756633,0.286178727,0.2797228,0.273399539,0.267095346,0.259866397,0.252859843,0.249468461,0.246216015,0.24740522,0.249373354
20,-8.5,0.43,0.43,0.43,0.43,0.43,0.43,0.43,0.43,0.43,0.43,0.43,0.43,0.43,0.43,0.43,0.43,0.43,0.43,0.43,0.43,0.43,0.43,0.428907513,0.355403007,0.307956115,0.301924243,0.299248914,0.292622476,0.286472854,0.280313206,0.274095577,0.266054189,0.258265504,0.250739584,0.243329598,0.234875087,0.226820724,0.224341662,0.222029532,0.225347646,0.229746485
30,-9,0.43,0.43,0.43,0.43,0.43,0.43,0.43,0.43,0.43,0.43,0.43,0.43,0.43,0.43,0.43,0.43,0.43,0.43,0.43,0.43,0.43,0.43,0.43,0.43,0.43,0.43,0.43,0.43,0.43,0.43,0.43,0.43,0.43,0.43,0.43,0.43,0.43,0.43,0.43,0.43,0.43
40,-10,0.43,0.43,0.43,0.43,0.43,0.43,0.43,0.43,0.43,0.43,0.43,0.43,0.43,0.43,0.43,0.43,0.43,0.43,0.43,0.43,0.43,0.43,0.43,0.43,0.43,0.43,0.43,0.43,0.43,0.43,0.43,0.43,0.43,0.43,0.43,0.43,0.43,0.43,0.43,0.43,0.43
40,-9.5,0.43,0.43,0.43,0.43,0.43,0.43,0.43,0.43,0.43,0.43,0.43,0.43,0.43,0.43,0.43,0.43,0.43,0.43,0.43,0.43,0.43,0.43,0.43,0.43,0.43,0.43,0.43,0.43,0.43,0.43,0.43,0.43,0.43,0.43,0.43,0.43,0.43,0.43,0.43,0.43,0.43
0,-7.5,0.43,0.43,0.43,0.43,0.43,0.43,0.43,0.43,0.43,0.43,0.43,0.429925723,0.381382741,0.397580462,0.4126044,0.38136684,0.360086221,0.368405518,0.382781603,0.390299462,0.392962683,0.392418659,0.386029292,0.367527032,0.342715191,0.326357786,0.32071806,0.317011746,0.313000191,0.308593531,0.304141723,0.298897444,0.293710389,0.288587714,0.283449945,0.277625895,0.271914005,0.268290363,0.264765161,0.26433674,0.264437524
10,-7.5,0.43,0.43,0.43,0.43,0.43,0.43,0.43,0.43,0.43,0.43,0.43,0.429922708,0.381408146,0.39753293,0.412605835,0.38138633,0.360109462,0.368321452,0.382691126,0.390270378,0.392967336,0.392427973,0.386032384,0.367532781,0.342724492,0.326363355,0.320717349,0.317009273,0.312998563,0.308592294,0.304140849,0.298896641,0.293709656,0.288587052,0.283449356,0.277625425,0.27191365,0.268290148,0.264765084,0.264336814,0.264437752
20,-8,0.43,0.43,0.43,0.43,0.43,0.43,0.43,0.43,0.43,0.43,0.43,0.43,0.43,0.43,0.43,0.357958967,0.356985948,0.377168639,0.400326465,0.411280119,0.415993591,0.41666693,0.407719751,0.370502869,0.332144147,0.317163471,0.313887067,0.309013908,0.303535899,0.298213683,0.292837064,0.286254095,0.279793106,0.273464824,0.267154629,0.259910517,0.252889592,0.249481021,0.246211849,0.247382488,0.249331335
30,-8.5,0.43,0.43,0.43,0.43,0.43,0.43,0.43,0.43,0.43,0.43,0.43,0.43,0.43,0.43,0.43,0.43,0.43,0.43,0.43,0.43,0.43,0.43,0.428955132,0.355409172,0.30797977,0.301996852,0.299296243,0.29264936,0.286491811,0.28032921,0.274108868,0.266066619,0.258277083,0.25075033,0.243339289,0.23488163,0.226824384,0.224342426,0.222027484,0.225342581,0.229738201
40,-9,0.43,0.43,0.43,0.43,0.43,0.43,0.43,0.43,0.43,0.43,0.43,0.43,0.43,0.43,0.43,0.43,0.43,0.43,0.43,0.43,0.43,0.43,0.43,0.43,0.43,0.43,0.43,0.43,0.43,0.43,0.43,0.43,0.43,0.43,0.43,0.43,0.43,0.43,0.43,0.43,0.43
50,-10,0.43,0.43,0.43,0.43,0.43,0.43,0.43,0.43,0.43,0.43,0.43,0.43,0.43,0.43,0.43,0.43,0.43,0.43,0.43,0.43,0.43,0.43,0.43,0.43,0.43,0.43,0.43,0.43,0.43,0.43,0.43,0.43,0.43,0.43,0.43,0.43,0.43,0.43,0.43,0.43,0.43
50,-9.5,0.43,0.43,0.43,0.43,0.43,0.43,0.43,0.43,0.43,0.43,0.43,0.43,0.43,0.43,0.43,0.43,0.43,0.43,0.43,0.43,0.43,0.43,0.43,0.43,0.43,0.43,0.43,0.43,0.43,0.43,0.43,0.43,0.43,0.43,0.43,0.43,0.43,0.43,0.43,0.43,0.43
0,-7,0.43,0.43,0.43,0.43,0.43,0.43,0.43,0.43,0.43,0.43,0.394918908,0.412976444,0.384615443,0.387024895,0.395838539,0.380220337,0.362760637,0.362731791,0.369879322,0.374247496,0.375244726,0.373910208,0.369549022,0.359584537,0.344446507,0.33098721,0.323799217,0.32001332,0.316961963,0.313330731,0.309665303,0.305462227,0.30128873,0.297148994,0.29299234,0.28838872,0.283842505,0.280410092,0.277040675,0.275639845,0.274578458
10,-7,0.43,0.43,0.43,0.43,0.43,0.43,0.43,0.43,0.43,0.43,0.394917998,0.412966254,0.384639122,0.387000868,0.395834458,0.380229009,0.362769378,0.362701815,0.369821626,0.374216405,0.375242292,0.373920174,0.369557017,0.359587942,0.344451135,0.330992031,0.323800408,0.32001216,0.31696072,0.313329748,0.309664563,0.305461559,0.301288135,0.297148471,0.292991888,0.288388347,0.283842207,0.280409889,0.277040565,0.275639841,0.274578562
20,-7.5,0.43,0.43,0.43,0.43,0.43,0.43,0.43,0.43,0.43,0.43,0.43,0.429927857,0.381488025,0.398771518,0.412152255,0.379484159,0.360833864,0.368952114,0.381963002,0.389388686,0.392408367,0.392233419,0.386040046,0.367252429,0.342300095,0.326220034,0.320889971,0.317225875,0.313130254,0.308690537,0.304208178,0.298958489,0.29376604,0.288638014,0.283494546,0.27766119,0.271940282,0.268304587,0.264767573,0.264325376,0.264412003
30,-8,0.43,0.43,0.43,0.43,0.43,0.43,0.43,0.43,0.43,0.43,0.43,0.43,0.43,0.43,0.43,0.359568459,0.357489179,0.375822591,0.399564004,0.411083621,0.415973877,0.416672884,0.407736802,0.370495733,0.332124385,0.317188543,0.313932678,0.309046765,0.303554236,0.298227956,0.292847609,0.286263977,0.279802326,0.273473387,0.2671624,0.25991624,0.252893375,0.249482475,0.246211037,0.24737915,0.249325373
40,-8.5,0.43,0.43,0.43,0.43,0.43,0.43,0.43,0.43,0.43,0.43,0.43,0.43,0.43,0.43,0.43,0.43,0.43,0.43,0.43,0.43,0.43,0.43,0.428771245,0.355959094,0.30797738,0.301635406,0.299061278,0.292508039,0.286391137,0.280244036,0.274037918,0.265999927,0.258214617,0.250692014,0.243286328,0.234845164,0.226803037,0.224336765,0.222037075,0.225368632,0.22978183
50,-9,0.43,0.43,0.43,0.43,0.43,0.43,0.43,0.43,0.43,0.43,0.43,0.43,0.43,0.43,0.43,0.43,0.43,0.43,0.43,0.43,0.43,0.43,0.43,0.43,0.43,0.43,0.43,0.43,0.43,0.43,0.43,0.43,0.43,0.43,0.43,0.43,0.43,0.43,0.43,0.43,0.43
60,-10,0.43,0.43,0.43,0.43,0.43,0.43,0.43,0.43,0.43,0.43,0.43,0.43,0.43,0.43,0.43,0.43,0.43,0.43,0.43,0.43,0.43,0.43,0.43,0.43,0.43,0.43,0.43,0.43,0.43,0.43,0.43,0.43,0.43,0.43,0.43,0.43,0.43,0.43,0.43,0.43,0.43
60,-9.5,0.43,0.43,0.43,0.43,0.43,0.43,0.43,0.43,0.43,0.43,0.43,0.43,0.43,0.43,0.43,0.43,0.43,0.43,0.43,0.43,0.43,0.43,0.43,0.43,0.43,0.43,0.43,0.43,0.43,0.43,0.43,0.43,0.43,0.43,0.43,0.43,0.43,0.43,0.43,0.43,0.43
0,-6.5,0.43,0.43,0.43,0.43,0.43,0.43,0.43,0.43,0.42849788,0.405481193,0.393452137,0.397647809,0.383868861,0.380099082,0.383566599,0.375393874,0.362612951,0.358280289,0.360512339,0.362429839,0.36228056,0.360451806,0.356984111,0.350841677,0.341490717,0.331503956,0.324233898,0.320006777,0.317216734,0.314107296,0.310977721,0.307513863,0.304068529,0.300644158,0.29721127,0.293518318,0.289858282,0.286769304,0.283720221,0.2818492,0.280186707
10,-6.5,0.43,0.43,0.43,0.43,0.43,0.43,0.43,0.43,0.428501943,0.405506132,0.393454763,0.397641894,0.38388236,0.380089076,0.383561323,0.37539783,0.362617332,0.358271167,0.360480648,0.362404423,0.362273189,0.360457858,0.356992251,0.350845339,0.341492898,0.331506889,0.324235847,0.320006943,0.317216138,0.314106723,0.310977172,0.307513366,0.304068083,0.300643764,0.297210928,0.293518028,0.289858044,0.286769128,0.283720106,0.281849156,0.280186735
20,-7,0.43,0.43,0.43,0.43,0.43,0.43,0.43,0.43,0.43,0.43,0.394974734,0.412959354,0.384567125,0.387631912,0.395734894,0.379161522,0.362815934,0.363290149,0.369600047,0.37365299,0.374807178,0.373763141,0.369577495,0.359496552,0.344207602,0.330819274,0.323841213,0.320146677,0.317066071,0.313409711,0.309720857,0.305512174,0.301333092,0.297187812,0.293025617,0.288416029,0.28386396,0.280423607,0.277046359,0.275636033,0.274564914
30,-7.5,0.43,0.43,0.43,0.43,0.43,0.43,0.43,0.43,0.43,0.43,0.43,0.429980735,0.381565158,0.397950693,0.412360893,0.380202635,0.361152394,0.368307061,0.381348669,0.389151123,0.392375733,0.392256347,0.386068221,0.36725882,0.342289831,0.32622525,0.320917441,0.31725343,0.313147313,0.308703304,0.304216977,0.298966567,0.293773399,0.288644661,0.283500431,0.277665802,0.27194366,0.268306314,0.264767682,0.264323593,0.264408274
40,-8,0.43,0.43,0.43,0.43,0.43,0.43,0.43,0.43,0.43,0.43,0.43,0.43,0.43,0.43,0.43,0.357120072,0.355553348,0.379804507,0.402211726,0.41194692,0.416175685,0.41670732,0.40771846,0.370769876,0.332359743,0.317100929,0.313707307,0.308875837,0.303457674,0.298152223,0.292790986,0.286210638,0.279752282,0.273426621,0.267119642,0.259884183,0.252871461,0.249473109,0.246213887,0.247395737,0.249356256
50,-8.5,0.43,0.43,0.43,0.43,0.43,0.43,0.43,0.43,0.43,0.43,0.43,0.43,0.43,0.43,0.43,0.43,0.43,0.43,0.43,0.43,0.43,0.43,0.428816703,0.355321863,0.307856383,0.301776842,0.29916846,0.292576512,0.286439544,0.280284825,0.274071706,0.266031476,0.258243956,0.250719194,0.243310746,0.234861148,0.2268113,0.224337442,0.222030385,0.225354001,0.229758722
60,-9,0.43,0.43,0.43,0.43,0.43,0.43,0.43,0.43,0.43,0.43,0.43,0.43,0.43,0.43,0.43,0.43,0.43,0.43,0.43,0.43,0.43,0.43,0.43,0.43,0.43,0.43,0.43,0.43,0.43,0.43,0.43,0.43,0.43,0.43,0.43,0.43,0.43,0.43,0.43,0.43,0.43
70,-10,0.43,0.43,0.43,0.43,0.43,0.43,0.43,0.43,0.43,0.43,0.43,0.43,0.43,0.43,0.43,0.43,0.43,0.43,0.43,0.43,0.43,0.43,0.43,0.43,0.43,0.43,0.43,0.43,0.43,0.43,0.43,0.43,0.43,0.43,0.43,0.43,0.43,0.43,0.43,0.43,0.43
70,-9.5,0.43,0.43,0.43,0.43,0.43,0.43,0.43,0.43,0.43,0.43,0.43,0.43,0.43,0.43,0.43,0.43,0.43,0.43,0.43,0.43,0.43,0.43,0.43,0.43,0.43,0.43,0.43,0.43,0.43,0.43,0.43,0.43,0.43,0.43,0.43,0.43,0.43,0.43,0.43,0.43,0.43
0,-6,0.43,0.43,0.43,0.43,0.43,0.43,0.43,0.422727494,0.409099508,0.397243535,0.390773726,0.387604533,0.380444768,0.374477343,0.374219189,0.369136908,0.359959209,0.353995509,0.352968854,0.352947916,0.351974355,0.349873198,0.346751581,0.342250563,0.336050095,0.328848781,0.322423041,0.31798815,0.315063222,0.312224372,0.309382827,0.306410458,0.303452376,0.300510105,0.297568983,0.294501521,0.291456252,0.288707696,0.285986222,0.283948452,0.282036778
10,-6,0.43,0.43,0.43,0.43,0.43,0.43,0.43,0.422731151,0.40909996,0.397256435,0.390774681,0.387601968,0.380451314,0.374474144,0.374214918,0.369138334,0.359961794,0.353993449,0.352953231,0.352930402,0.351965543,0.349874501,0.346756989,0.342254376,0.336051674,0.328850219,0.322424627,0.317988915,0.315063188,0.312224188,0.309382507,0.306410155,0.303452091,0.300509838,0.297568734,0.294501305,0.291456068,0.288707551,0.285986116,0.283948392,0.282036765
20,-6.5,0.43,0.43,0.43,0.43,0.43,0.43,0.43,0.43,0.428533869,0.405529813,0.393490419,0.397634936,0.383803832,0.380386015,0.383614019,0.374831523,0.362430791,0.358647776,0.360521631,0.362113208,0.361956946,0.360298469,0.356975323,0.350826356,0.341374017,0.331370735,0.324203928,0.320062443,0.317284002,0.314162189,0.311020902,0.307552359,0.304102359,0.300673354,0.297235925,0.293538949,0.289874945,0.286780894,0.283726789,0.281849572,0.280180734
30,-7,0.43,0.43,0.43,0.43,0.43,0.43,0.43,0.43,0.43,0.43,0.395360741,0.413129028,0.384782782,0.387212996,0.39577012,0.379574337,0.363055915,0.36302741,0.369185246,0.373426588,0.374757166,0.373794699,0.36962016,0.359507402,0.344202268,0.330818598,0.323853981,0.320164334,0.317079404,0.313419865,0.309728046,0.305518648,0.301338853,0.297192865,0.293029959,0.288419563,0.283866701,0.280425263,0.277046943,0.275635314,0.274562858
40,-7.5,0.43,0.43,0.43,0.43,0.43,0.43,0.43,0.43,0.43,0.43,0.43,0.43,0.381637965,0.39825293,0.41207345,0.379346538,0.360108584,0.370053718,0.383393973,0.390091129,0.392604457,0.392224838,0.385985654,0.367341546,0.342450642,0.32624793,0.320783701,0.317107752,0.313057261,0.308635507,0.304169748,0.298922942,0.293733372,0.288608208,0.283467828,0.277639817,0.27192409,0.268295601,0.264765654,0.264331832,0.264427084
50,-8,0.43,0.43,0.43,0.43,0.43,0.43,0.43,0.43,0.43,0.43,0.43,0.43,0.43,0.43,0.43,0.357304922,0.355979956,0.380063574,0.402162582,0.411813094,0.41607059,0.416671117,0.407731847,0.370530408,0.332153539,0.317097796,0.313805234,0.308958456,0.303504303,0.298188627,0.292817999,0.286235907,0.279775808,0.273448421,0.267139346,0.259898354,0.252880394,0.24947588,0.246210668,0.247385849,0.249339437
60,-8.5,0.43,0.43,0.43,0.43,0.43,0.43,0.43,0.43,0.43,0.43,0.43,0.43,0.43,0.43,0.43,0.43,0.43,0.43,0.43,0.43,0.43,0.43,0.428768234,0.355326354,0.307792868,0.30167328,0.299111376,0.292545868,0.286418439,0.280267375,0.274057611,0.266018461,0.258232001,0.250708267,0.243300976,0.234853934,0.226806435,0.224334783,0.222029867,0.225355573,0.229762493
70,-9,0.43,0.43,0.43,0.43,0.43,0.43,0.43,0.43,0.43,0.43,0.43,0.43,0.43,0.43,0.43,0.43,0.43,0.43,0.43,0.43,0.43,0.43,0.43,0.43,0.43,0.43,0.43,0.43,0.43,0.43,0.43,0.43,0.43,0.43,0.43,0.43,0.43,0.43,0.43,0.43,0.43
80,-10,0.43,0.43,0.43,0.43,0.43,0.43,0.43,0.43,0.43,0.43,0.43,0.43,0.43,0.43,0.43,0.43,0.43,0.43,0.43,0.43,0.43,0.43,0.43,0.43,0.43,0.43,0.43,0.43,0.43,0.43,0.43,0.43,0.43,0.43,0.43,0.43,0.43,0.43,0.43,0.43,0.43
80,-9.5,0.43,0.43,0.43,0.43,0.43,0.43,0.43,0.43,0.43,0.43,0.43,0.43,0.43,0.43,0.43,0.43,0.43,0.43,0.43,0.43,0.43,0.43,0.43,0.43,0.43,0.43,0.43,0.43,0.43,0.43,0.43,0.43,0.43,0.43,0.43,0.43,0.43,0.43,0.43,0.43,0.43
0,-5.5,0.43,0.43,0.43,0.43,0.43,0.43,0.421970864,0.408332836,0.400519252,0.391444891,0.38617562,0.380290431,0.375276025,0.368939802,0.366310757,0.36219351,0.355357839,0.349193058,0.346181223,0.344625422,0.342956176,0.340671288,0.337687956,0.333900813,0.329293108,0.323959762,0.318626777,0.314324061,0.311205175,0.308470577,0.305751134,0.303089822,0.300441478,0.297807144,0.295182476,0.292525729,0.289886482,0.287417207,0.284968588,0.282916836,0.280942965
10,-5.5,0.43,0.43,0.43,0.43,0.43,0.43,0.421978133,0.408332925,0.400518517,0.391451271,0.386176509,0.380289338,0.375278632,0.368939351,0.366307968,0.362193587,0.355359357,0.349193094,0.346174206,0.344614747,0.342948388,0.340669434,0.337690183,0.333903875,0.329294763,0.323960588,0.318627659,0.314324739,0.311205399,0.30847062,0.30575101,0.303089686,0.30044133,0.297806985,0.295182307,0.292525576,0.289886344,0.287417093,0.284968498,0.282916774,0.280942932
20,-6,0.43,0.43,0.43,0.43,0.43,0.43,0.43,0.4227541,0.409084925,0.397271824,0.390795788,0.387598129,0.380397137,0.374603779,0.374296517,0.368861101,0.359748401,0.354167268,0.353072425,0.352826281,0.351763559,0.349718072,0.346695861,0.3422481,0.336005413,0.328765074,0.322370686,0.317992828,0.315096281,0.312255958,0.309412808,0.306437415,0.303476322,0.30053106,0.297586991,0.29451681,0.291468852,0.288717081,0.285992422,0.283950732,0.28203505
30,-6.5,0.43,0.43,0.43,0.43,0.43,0.43,0.43,0.43,0.428757885,0.405006185,0.39361918,0.39772497,0.384041955,0.380196702,0.383574928,0.375052587,0.362607222,0.358568711,0.360275115,0.361926779,0.361892052,0.360319797,0.35701926,0.350843255,0.341371821,0.331368083,0.324209048,0.320072354,0.317293119,0.314169453,0.311026422,0.307557282,0.304106687,0.300677091,0.297239082,0.293541575,0.289877047,0.286782307,0.28372752,0.281849455,0.280179747
40,-7,0.43,0.43,0.43,0.43,0.43,0.43,0.43,0.43,0.43,0.43,0.396749953,0.413714156,0.384386791,0.387408897,0.395683832,0.379077881,0.362472825,0.363625441,0.370484241,0.374257453,0.37501367,0.373726439,0.369482096,0.359511585,0.344296438,0.330870086,0.323801294,0.320070831,0.317007937,0.313365203,0.309689048,0.305483342,0.301307228,0.297164896,0.293005671,0.288399471,0.283850727,0.280415091,0.2770425,0.275637926,0.274572717
50,-7.5,0.43,0.43,0.43,0.43,0.43,0.43,0.43,0.43,0.43,0.43,0.43,0.43,0.381539021,0.398481612,0.412138329,0.379478897,0.360345545,0.370228489,0.383398209,0.390006535,0.392515501,0.392182773,0.385988352,0.367253996,0.342309915,0.326191952,0.320835024,0.317177783,0.313100808,0.308668079,0.304192171,0.298943513,0.293752097,0.288625102,0.283482747,0.277651299,0.271932245,0.268299362,0.264765112,0.264326277,0.264416378
60,-8,0.43,0.43,0.43,0.43,0.43,0.43,0.43,0.43,0.43,0.43,0.43,0.43,0.43,0.43,0.43,0.355456693,0.35528228,0.381909625,0.403193857,0.412066395,0.416083601,0.416657315,0.407720523,0.370563016,0.332174579,0.317057819,0.313748275,0.308919859,0.303483528,0.298172766,0.29280665,0.28622542,0.279766177,0.273439634,0.267131473,0.259892144,0.252875764,0.249473007,0.246209503,0.247386452,0.249341857
70,-8.5,0.43,0.43,0.43,0.43,0.43,0.43,0.43,0.43,0.43,0.43,0.43,0.43,0.43,0.43,0.43,0.43,0.43,0.43,0.43,0.43,0.43,0.43,0.42864745,0.356859768,0.308017537,0.301283075,0.298837146,0.292374159,0.286296544,0.280164282,0.273971763,0.265937695,0.258156283,0.25063751,0.24323672,0.234810331,0.226781756,0.224329747,0.222043935,0.225390432,0.229819584
80,-9,0.43,0.43,0.43,0.43,0.43,0.43,0.43,0.43,0.43,0.43,0.43,0.43,0.43,0.43,0.43,0.43,0.43,0.43,0.43,0.43,0.43,0.43,0.43,0.43,0.43,0.43,0.43,0.43,0.43,0.43,0.43,0.43,0.43,0.43,0.43,0.43,0.43,0.43,0.43,0.43,0.43
90,-10,0.43,0.43,0.43,0.43,0.43,0.43,0.43,0.43,0.43,0.43,0.43,0.43,0.43,0.43,0.43,0.43,0.43,0.43,0.43,0.43,0.43,0.43,0.43,0.43,0.43,0.43,0.43,0.43,0.43,0.43,0.43,0.43,0.43,0.43,0.43,0.43,0.43,0.43,0.43,0.43,0.43
90,-9.5,0.43,0.43,0.43,0.43,0.43,0.43,0.43,0.43,0.43,0.43,0.43,0.43,0.43,0.43,0.43,0.43,0.43,0.43,0.43,0.43,0.43,0.43,0.43,0.43,0.43,0.43,0.43,0.43,0.43,0.43,0.43,0.43,0.43,0.43,0.43,0.43,0.43,0.43,0.43,0.43,0.43
0,-5,0.43,0.43,0.43,0.43,0.43,0.429264461,0.408262635,0.401520464,0.393550443,0.385915227,0.380373674,0.373797732,0.368950308,0.362857432,0.358833272,0.354760427,0.349255785,0.343480145,0.339421457,0.336720424,0.33441094,0.331927641,0.329002203,0.325574138,0.32174174,0.317519177,0.313132245,0.309172595,0.305973394,0.303269601,0.300595895,0.298125576,0.295668326,0.293224913,0.290798169,0.288405647,0.286028722,0.283770288,0.281529626,0.279528424,0.277578563
10,-5,0.43,0.43,0.43,0.43,0.43,0.429264287,0.408265358,0.401520085,0.393549898,0.385918308,0.380374613,0.373797236,0.368951076,0.362857785,0.358831717,0.354759941,0.349256535,0.34348065,0.339418624,0.336714534,0.334405167,0.331924575,0.329002123,0.325575902,0.321743317,0.317519966,0.313132695,0.30917296,0.305973617,0.303269702,0.300595882,0.298125539,0.295668266,0.29322483,0.290798065,0.288405546,0.286028624,0.283770202,0.281529551,0.279528366,0.277578523
20,-5.5,0.43,0.43,0.43,0.43,0.43,0.43,0.422019159,0.408333888,0.400510561,0.391461335,0.386188341,0.380288841,0.375247469,0.368990427,0.366374762,0.362073344,0.355193143,0.349235474,0.34627587,0.344609975,0.342843289,0.340541591,0.337607651,0.333884416,0.329280543,0.323918441,0.318580633,0.314305242,0.311213732,0.308484013,0.305768909,0.303106333,0.300456731,0.297821145,0.295195186,0.292536739,0.28989581,0.287424525,0.284973913,0.282919724,0.280943363
30,-6,0.43,0.43,0.43,0.43,0.43,0.43,0.43,0.42287139,0.408933692,0.397028689,0.390881049,0.387635847,0.380573189,0.374535434,0.374245655,0.368968901,0.359871726,0.354166264,0.352942849,0.352690841,0.351694745,0.349719674,0.346727673,0.342268419,0.336007525,0.328762043,0.322371784,0.317997769,0.315101978,0.312260783,0.3094168,0.30644097,0.303479443,0.300533749,0.297589259,0.294518721,0.291470409,0.288718207,0.285993121,0.283950899,0.282034671
40,-6.5,0.43,0.43,0.43,0.43,0.43,0.43,0.43,0.43,0.43,0.403844482,0.394359871,0.398099179,0.384039917,0.380274419,0.383573392,0.374778245,0.362274225,0.358690339,0.360986443,0.362562861,0.362169115,0.360289498,0.356886318,0.350800808,0.341418331,0.331416893,0.324200823,0.320024302,0.317244746,0.314130378,0.310996112,0.307530097,0.304082615,0.300656113,0.297221146,0.293526423,0.289864642,0.286773579,0.283722435,0.281848955,0.280183955
50,-7,0.43,0.43,0.43,0.43,0.43,0.43,0.43,0.43,0.43,0.43,0.39586223,0.413368467,0.384632539,0.387494384,0.395717578,0.3791567,0.362592586,0.363746377,0.370512555,0.374215643,0.374954674,0.373690036,0.369475537,0.359478329,0.34421814,0.330809193,0.323808939,0.320112114,0.317041861,0.313391117,0.309707487,0.30549991,0.301321933,0.297177752,0.293016661,0.288408288,0.283857412,0.280418882,0.277043436,0.275635405,0.274566653
60,-7.5,0.43,0.43,0.43,0.43,0.43,0.43,0.43,0.43,0.43,0.43,0.43,0.429999819,0.381427879,0.399648094,0.41179887,0.37841619,0.359927729,0.37110353,0.384246412,0.390326563,0.392546727,0.392141174,0.385952986,0.367261204,0.342326529,0.326179328,0.320797821,0.317143923,0.313080906,0.308653452,0.304182423,0.298934687,0.293744188,0.2886181,0.283476658,0.277646276,0.271928258,0.268296623,0.264763595,0.264326095,0.264417556
70,-8,0.43,0.43,0.43,0.43,0.43,0.43,0.43,0.43,0.43,0.43,0.43,0.43,0.43,0.43,0.429975633,0.352538878,0.353068821,0.382648825,0.403933381,0.412458503,0.416289778,0.416729518,0.40772793,0.371190566,0.332673751,0.317040651,0.313492049,0.308709545,0.303365282,0.298080162,0.292737568,0.286160346,0.279705123,0.273382578,0.267079347,0.259853474,0.252849845,0.249462862,0.246214715,0.24740902,0.249382504
80,-8.5,0.43,0.43,0.43,0.43,0.43,0.43,0.43,0.43,0.43,0.43,0.43,0.43,0.43,0.43,0.43,0.43,0.43,0.43,0.43,0.43,0.43,0.43,0.428760653,0.355918367,0.307967815,0.301633718,0.299062522,0.292507474,0.286389715,0.280242177,0.274035629,0.265997084,0.258211266,0.250688199,0.243282192,0.234841599,0.226800005,0.224335373,0.222037303,0.225370971,0.229786485
90,-9,0.43,0.43,0.43,0.43,0.43,0.43,0.43,0.43,0.43,0.43,0.43,0.43,0.43,0.43,0.43,0.43,0.43,0.43,0.43,0.43,0.43,0.43,0.43,0.43,0.43,0.43,0.43,0.43,0.43,0.43,0.43,0.43,0.43,0.43,0.43,0.43,0.43,0.43,0.43,0.43,0.43
0,-4.5,0.43,0.43,0.43,0.43,0.43,0.413580877,0.402254862,0.394933094,0.386955437,0.37975638,0.373627825,0.36700191,0.361704299,0.35589212,0.35111903,0.346778538,0.341911788,0.336646986,0.332165985,0.32870025,0.325822479,0.323090007,0.320168549,0.316965571,0.313533978,0.309923099,0.306202679,0.302635549,0.299495111,0.296814758,0.294174533,0.291823148,0.289485714,0.287162822,0.284862076,0.28264041,0.280433853,0.278329978,0.276242874,0.27431313,0.27242097
10,-4.5,0.43,0.43,0.43,0.43,0.43,0.413580576,0.402255729,0.394932687,0.386955198,0.379757788,0.373628674,0.367001693,0.361704363,0.355892513,0.351118285,0.346777963,0.34191201,0.336647444,0.332165026,0.328697302,0.325818724,0.32308705,0.320167308,0.31696608,0.313535109,0.309923932,0.306203065,0.302635748,0.299495253,0.296814838,0.294174555,0.291823149,0.289485694,0.287162782,0.284862017,0.282640347,0.280433786,0.278329916,0.276242817,0.274313082,0.272420931
20,-5,0.43,0.43,0.43,0.43,0.43,0.429264542,0.408281451,0.401518128,0.393547044,0.385923767,0.380380956,0.373798554,0.368935042,0.362874648,0.358875653,0.354717541,0.349149994,0.343460212,0.339474117,0.336743831,0.334367384,0.331841837,0.328926271,0.32554189,0.321734507,0.317504072,0.313103724,0.309150625,0.305968834,0.303271662,0.300603991,0.298133783,0.295676639,0.293233328,0.290806586,0.288413203,0.286035426,0.283775793,0.281533938,0.27953125,0.277579868
30,-5.5,0.43,0.43,0.43,0.43,0.43,0.43,0.42218188,0.408341497,0.400451437,0.391365471,0.386224278,0.38031227,0.375357379,0.368979604,0.366335558,0.362118028,0.355273127,0.34926183,0.346218047,0.344522339,0.342781749,0.340526353,0.337622276,0.3339026,0.329286931,0.323916976,0.318579493,0.314306751,0.311216813,0.308486911,0.305771618,0.303108763,0.300458883,0.297823022,0.295196792,0.292538106,0.28989694,0.287425385,0.284974505,0.282919988,0.280943292
40,-6,0.43,0.43,0.43,0.43,0.43,0.43,0.43,0.424377859,0.409506161,0.396632051,0.391384835,0.387826933,0.380690887,0.374563029,0.374264429,0.368829033,0.359675947,0.354131294,0.353281264,0.353117418,0.351954533,0.349755118,0.346646655,0.34220839,0.336016949,0.328797657,0.322383256,0.31797991,0.315073788,0.312235802,0.309394939,0.306421316,0.303461985,0.300518474,0.297576124,0.29450747,0.291461022,0.28871113,0.285988334,0.283948995,0.282035725
50,-6.5,0.43,0.43,0.43,0.43,0.43,0.43,0.43,0.43,0.43,0.404693103,0.393876822,0.397843355,0.384031963,0.380324035,0.383594369,0.374824978,0.362336682,0.358768691,0.361020807,0.362547848,0.362132855,0.360259857,0.356874343,0.350786696,0.341379315,0.331371589,0.324186232,0.320038969,0.317265459,0.314147596,0.31101001,0.307542501,0.304093533,0.300665553,0.297229125,0.293532981,0.289869799,0.286776902,0.283723943,0.281848214,0.28018091
60,-7,0.43,0.43,0.43,0.43,0.43,0.43,0.43,0.43,0.43,0.43,0.395450054,0.413299388,0.384213618,0.388107225,0.39564949,0.378539545,0.362274803,0.364099907,0.371082803,0.374524871,0.375015254,0.373637086,0.369415168,0.359471253,0.344230157,0.330807842,0.323789208,0.320088534,0.317025428,0.313378879,0.309699158,0.305492512,0.301315461,0.297172198,0.293011997,0.288404352,0.283854192,0.280416501,0.277041881,0.275634782,0.274566976
70,-7.5,0.43,0.43,0.43,0.43,0.43,0.43,0.43,0.43,0.43,0.43,0.43,0.429895632,0.38165191,0.401026876,0.411170979,0.376750316,0.358599291,0.371283623,0.384815881,0.390687218,0.39272771,0.39220127,0.385950611,0.367504682,0.342675546,0.326300453,0.320657436,0.316963383,0.312969407,0.308569798,0.304124497,0.298881215,0.293695163,0.288573491,0.283436821,0.277614775,0.271904832,0.26828436,0.264762277,0.264337758,0.264442592
80,-8,0.43,0.43,0.43,0.43,0.43,0.43,0.43,0.43,0.43,0.43,0.43,0.43,0.43,0.43,0.43,0.356183034,0.354726412,0.379446369,0.402085617,0.411950286,0.416204997,0.416731848,0.407742228,0.370760245,0.332345182,0.31709469,0.313707308,0.308876232,0.303456793,0.298150786,0.292789014,0.286208223,0.279749446,0.273423387,0.267116099,0.259880924,0.252868478,0.249471304,0.246213246,0.247396755,0.249359054
90,-8.5,0.43,0.43,0.43,0.43,0.43,0.43,0.43,0.43,0.43,0.43,0.43,0.43,0.43,0.43,0.43,0.43,0.43,0.43,0.43,0.43,0.43,0.43,0.428894278,0.355298584,0.307902877,0.301898702,0.299238682,0.292614398,0.286465328,0.280305879,0.274088395,0.266046477,0.258257321,0.250730988,0.243320845,0.23486796,0.226815102,0.224339089,0.222029958,0.225351772,0.229754641
0,-4,0.43,0.43,0.43,0.43,0.416643773,0.405707663,0.395990578,0.387940853,0.379853681,0.372530378,0.365884901,0.359271041,0.353506557,0.347822257,0.342688649,0.338050929,0.333407801,0.328560629,0.32401921,0.320127517,0.316803054,0.313794773,0.310823637,0.307768777,0.304585886,0.301318341,0.298013611,0.294782657,0.291788083,0.289155669,0.286568417,0.284299372,0.282045592,0.279807533,0.277595575,0.275489728,0.273399273,0.271410406,0.269438279,0.267582956,0.265758593
10,-4,0.43,0.43,0.43,0.43,0.416643765,0.40570749,0.395990743,0.387940548,0.379853592,0.372530953,0.365885555,0.359270996,0.353506423,0.347822485,0.342688345,0.33805048,0.333407727,0.328560889,0.324018995,0.32012621,0.316800889,0.313792524,0.31082212,0.307768434,0.304586386,0.301319024,0.298014061,0.29478289,0.291788205,0.289155742,0.286568444,0.284299383,0.282045588,0.279807513,0.277595541,0.275489689,0.273399228,0.271410362,0.269438236,0.267582917,0.265758559
20,-4.5,0.43,0.43,0.43,0.43,0.43,0.413579599,0.402261361,0.394930573,0.386954815,0.379760221,0.37363205,0.367003439,0.361696874,0.355896035,0.35114339,0.346769291,0.341853932,0.33660955,0.332180753,0.328724649,0.325816753,0.323047981,0.320115473,0.316928623,0.313520534,0.309917256,0.306190406,0.30262116,0.29948723,0.296811959,0.29417642,0.291825862,0.289489243,0.287167155,0.284867102,0.282645209,0.280438427,0.278333923,0.276246187,0.274315576,0.272422519
30,-5,0.43,0.43,0.43,0.43,0.43,0.42927656,0.408350896,0.401510946,0.393530989,0.385884102,0.380387509,0.373817342,0.36899681,0.362886242,0.358852359,0.354730625,0.34919679,0.343491013,0.33945601,0.33669379,0.334319572,0.331818016,0.328925913,0.32555351,0.32174283,0.317505391,0.313102189,0.309149986,0.305969923,0.303273041,0.300605621,0.298135281,0.295678006,0.293234566,0.290807692,0.288414157,0.28603623,0.283776429,0.281534407,0.279531518,0.277579932
40,-5.5,0.43,0.43,0.43,0.43,0.43,0.43,0.423622181,0.408508108,0.399998244,0.391474661,0.386489623,0.380441028,0.375486874,0.368997022,0.366352743,0.362053536,0.355158287,0.349194864,0.346353441,0.344775456,0.342991341,0.340607685,0.337602049,0.333852399,0.329271845,0.323934552,0.318596591,0.314306851,0.31120389,0.308473167,0.305757232,0.303095615,0.300446968,0.297812332,0.295187321,0.292529877,0.289889941,0.287419836,0.284970395,0.282917663,0.280942795
50,-6,0.43,0.43,0.43,0.43,0.43,0.43,0.43,0.423784082,0.409700417,0.397022486,0.391075527,0.38767992,0.38060923,0.374589693,0.374279047,0.36885498,0.359709926,0.354178486,0.353311623,0.353117243,0.351934495,0.349732335,0.346632635,0.342199919,0.335998664,0.328769717,0.322363894,0.317978618,0.31508284,0.31224495,0.309404099,0.306429594,0.303469385,0.300525001,0.29758178,0.294512214,0.291464865,0.288713837,0.285989914,0.283949167,0.282034454
60,-6.5,0.43,0.43,0.43,0.43,0.43,0.43,0.43,0.43,0.428947286,0.405080212,0.393689075,0.397845023,0.383651615,0.380598149,0.383642655,0.374491381,0.362093226,0.358875933,0.361358089,0.362802498,0.362217844,0.360224712,0.356811642,0.350766234,0.341385927,0.331375301,0.324177094,0.320024288,0.317253339,0.314138224,0.311003217,0.307536528,0.304088373,0.300661202,0.297225548,0.293529938,0.289867282,0.286774944,0.283722536,0.281847429,0.280180753
70,-7,0.43,0.43,0.43,0.43,0.43,0.43,0.43,0.43,0.43,0.43,0.39511253,0.413028007,0.384229536,0.388823014,0.395446885,0.377519926,0.361472354,0.363994397,0.371420151,0.374815388,0.375159713,0.373664777,0.369393478,0.359564646,0.344431763,0.330948631,0.323757983,0.319978252,0.316937058,0.313311253,0.309650875,0.30544888,0.301276465,0.297137806,0.292982243,0.288379902,0.283834945,0.280404583,0.277037196,0.275639021,0.274580384
80,-7.5,0.43,0.43,0.43,0.43,0.43,0.43,0.43,0.43,0.43,0.43,0.43,0.43,0.381517311,0.398364415,0.412081823,0.379259643,0.359679671,0.369811261,0.38329755,0.390080417,0.392625427,0.392248723,0.38600401,0.367340874,0.342441054,0.326241059,0.320782201,0.317107717,0.313056457,0.30863424,0.304168035,0.298920912,0.293731037,0.288605577,0.283464953,0.277637056,0.271921445,0.268293708,0.264764511,0.264331864,0.264428368
90,-8,0.43,0.43,0.43,0.43,0.43,0.43,0.43,0.43,0.43,0.43,0.43,0.43,0.43,0.43,0.429838603,0.354249459,0.356146737,0.378114498,0.400893297,0.411418132,0.41599106,0.416658867,0.407740794,0.370490467,0.332113928,0.317138625,0.313876128,0.309007771,0.303530057,0.298207858,0.292831226,0.286247805,0.279786395,0.273457726,0.267147304,0.259904115,0.252884075,0.249477748,0.246210784,0.247384369,0.249336354
0,-3.5,0.43,0.43,0.43,0.426941709,0.408608744,0.398554474,0.388744016,0.379958617,0.371592328,0.363926175,0.356893125,0.350205044,0.344127945,0.338432376,0.33314268,0.328288467,0.323668291,0.31908442,0.314649363,0.310597738,0.306989609,0.303736252,0.300674009,0.297692255,0.294686444,0.291647156,0.288605561,0.285624789,0.282797458,0.280241587,0.277732316,0.275533244,0.273350938,0.271185734,0.269049162,0.267031162,0.265029248,0.263131626,0.26125117,0.259468509,0.257713921
10,-3.5,0.43,0.43,0.43,0.426940776,0.408608724,0.398554324,0.388743919,0.379958409,0.371592265,0.363926362,0.356893554,0.35020511,0.344127806,0.338432449,0.333142573,0.328288189,0.323668114,0.319084485,0.314649361,0.310597247,0.306988518,0.303734818,0.30067272,0.297691537,0.294686389,0.291647503,0.28860597,0.285625093,0.282797625,0.280241692,0.277732362,0.275533273,0.273350951,0.271185731,0.269049144,0.267031138,0.265029218,0.263131595,0.261251138,0.259468478,0.257713892
20,-4,0.43,0.43,0.43,0.43,0.416644786,0.405706752,0.395992397,0.387939071,0.379853927,0.372531762,0.365887334,0.359272471,0.353503316,0.34782177,0.342700968,0.338053322,0.333381392,0.328528214,0.324012412,0.320139213,0.316810096,0.313782913,0.310796855,0.307739307,0.304567405,0.301310928,0.298009014,0.294776727,0.291782564,0.289152596,0.286567634,0.284299467,0.282046553,0.279809348,0.277598163,0.275492458,0.273402142,0.271413033,0.269440658,0.26758488,0.265760032
30,-4.5,0.43,0.43,0.43,0.43,0.43,0.413580589,0.402288885,0.394922155,0.386955253,0.379741928,0.373626614,0.367017041,0.361729552,0.355912484,0.351132967,0.346769382,0.341877549,0.336635083,0.33218195,0.32870079,0.325784299,0.323023436,0.32010569,0.316932302,0.313527602,0.309920853,0.306190136,0.302620014,0.299487109,0.296812295,0.294177171,0.291826604,0.289489977,0.287167882,0.284867813,0.282645841,0.280438981,0.278334376,0.276246541,0.274315809,0.272422628
40,-5,0.43,0.43,0.43,0.43,0.43,0.429631305,0.409082876,0.401480105,0.393132276,0.386123753,0.380506773,0.373920179,0.369098664,0.362906232,0.358864525,0.354704065,0.349132091,0.343431909,0.339494482,0.336826357,0.33446726,0.331911846,0.328949559,0.325528126,0.321719521,0.317505827,0.313115281,0.309157989,0.305967185,0.303267429,0.300597428,0.298127477,0.295670591,0.293227537,0.290801084,0.288408289,0.286031095,0.283772194,0.281531066,0.279529276,0.277578812
50,-5.5,0.43,0.43,0.43,0.43,0.43,0.43,0.423146431,0.408423978,0.400098591,0.391619566,0.38633613,0.380341238,0.37539851,0.36900423,0.366362697,0.36206725,0.355177,0.349221893,0.346376023,0.344781605,0.342982217,0.34059189,0.337588897,0.33384499,0.329262916,0.32391928,0.318580806,0.314299409,0.311205273,0.308476456,0.305762234,0.303100331,0.300451399,0.297816478,0.295191161,0.292533192,0.289892736,0.287421949,0.284971831,0.282918243,0.280942496
60,-6,0.43,0.43,0.43,0.43,0.43,0.43,0.43,0.422762231,0.408764335,0.396938416,0.390960128,0.387695636,0.380352867,0.374684292,0.374348156,0.368690195,0.359533761,0.3541802,0.353488975,0.353301769,0.352026407,0.349726903,0.346587135,0.342172439,0.335997598,0.328774658,0.322361307,0.317970569,0.31507462,0.312238236,0.309398814,0.306424955,0.303465389,0.300521643,0.297579032,0.294509871,0.291462924,0.288712274,0.285988726,0.283948386,0.282034083
70,-6.5,0.43,0.43,0.43,0.43,0.43,0.43,0.43,0.43,0.428607993,0.405150973,0.393504279,0.397650837,0.383455553,0.380947726,0.383643331,0.373926343,0.361581295,0.358688502,0.361510407,0.363011093,0.362342118,0.360247332,0.356787104,0.35079341,0.341490545,0.331484944,0.324203117,0.319979251,0.317196961,0.314091658,0.310965948,0.307503107,0.304058788,0.300635427,0.29720353,0.293511449,0.289852275,0.286764592,0.283716795,0.281847492,0.280186777
80,-7,0.43,0.43,0.43,0.43,0.43,0.43,0.43,0.43,0.43,0.43,0.396510791,0.413830094,0.38450998,0.387440952,0.395701186,0.379029347,0.362264621,0.363443214,0.370407186,0.374243536,0.375024145,0.373740157,0.369492088,0.359513646,0.344291426,0.330863845,0.323798332,0.320069842,0.317006958,0.313363944,0.309687517,0.305481606,0.301305292,0.297162766,0.293003374,0.288397214,0.28384851,0.280413322,0.27704118,0.275637375,0.274572986
90,-7.5,0.43,0.43,0.43,0.43,0.43,0.43,0.43,0.43,0.43,0.43,0.43,0.429783421,0.38227217,0.402450496,0.410378058,0.374892083,0.360142875,0.369425283,0.382402431,0.389558409,0.39242352,0.392208481,0.386029054,0.367247097,0.342284558,0.32619996,0.320878042,0.317219856,0.313125572,0.308685877,0.304203517,0.298953497,0.293760731,0.288632407,0.283488731,0.277655844,0.271935397,0.268301175,0.264765621,0.264325543,0.264414406
0,-3,0.43,0.43,0.43,0.414993411,0.401495231,0.390370517,0.379886384,0.370372324,0.361609397,0.35357706,0.346252654,0.339435886,0.333186522,0.327427218,0.322078126,0.317111254,0.31245996,0.308013289,0.303726958,0.299691496,0.295972786,0.29256608,0.289410042,0.286435118,0.28354359,0.280682154,0.277844337,0.275060064,0.27238931,0.269928534,0.267514198,0.265387132,0.26327835,0.261188067,0.259127856,0.257188684,0.255266463,0.253449952,0.251651184,0.24994124,0.248258227
10,-3,0.43,0.43,0.43,0.414993108,0.401495152,0.390370349,0.379886208,0.370372175,0.361609317,0.353577085,0.346252889,0.339435999,0.33318644,0.327427202,0.32207808,0.317111108,0.312459798,0.308013236,0.303726955,0.299691336,0.295972316,0.292565313,0.289409175,0.2864344,0.283543218,0.280682137,0.277844544,0.275060325,0.272389505,0.269928669,0.267514277,0.26538719,0.263278387,0.261188083,0.259127853,0.257188673,0.255266444,0.25344993,0.251651159,0.249941215,0.248258203
20,-3.5,0.43,0.43,0.43,0.426938256,0.4086093,0.398553686,0.388744031,0.379957542,0.371592503,0.363926489,0.356894424,0.350206138,0.344126747,0.338431032,0.33314804,0.328292883,0.323659075,0.319064007,0.314636044,0.310597517,0.306995181,0.303737601,0.300666073,0.297675937,0.294669919,0.291636439,0.288600585,0.285621948,0.282794717,0.280239698,0.277731245,0.275532747,0.273351006,0.271186359,0.269050304,0.26703254,0.265030858,0.263133212,0.261252725,0.259469871,0.257715066
30,-4,0.43,0.43,0.43,0.43,0.416655944,0.405704086,0.396003634,0.387933471,0.379858234,0.372522497,0.365879358,0.359279998,0.353520312,0.347835884,0.342698658,0.338050169,0.333390784,0.328545305,0.324020614,0.320131569,0.316791481,0.313762897,0.310783513,0.30773637,0.304570913,0.301314961,0.298010501,0.29477651,0.29178222,0.289152525,0.286567814,0.284299704,0.282046846,0.279809696,0.277598557,0.275492832,0.273402495,0.271413335,0.269440908,0.26758506,0.265760141
40,-4.5,0.43,0.43,0.43,0.43,0.43,0.41372304,0.402651367,0.394847989,0.386768816,0.379939892,0.373684288,0.367092346,0.361800487,0.355934648,0.351141994,0.346759854,0.341843465,0.336592786,0.332180773,0.328759893,0.325875554,0.323104845,0.320149337,0.316932245,0.313510039,0.309911183,0.306194159,0.302627298,0.29948919,0.296811419,0.294173592,0.291822824,0.289486,0.28716371,0.284863503,0.282641868,0.280435341,0.278331263,0.276243952,0.274313885,0.272421386
50,-5,0.43,0.43,0.43,0.43,0.43,0.429601721,0.408902127,0.401488799,0.393165098,0.386170061,0.380448218,0.37384492,0.36902804,0.36289975,0.35886992,0.35471128,0.349142051,0.343446807,0.339509487,0.336833718,0.334464619,0.331902326,0.328939171,0.325521067,0.32171405,0.317497917,0.313105019,0.309150301,0.305964885,0.303267351,0.300599385,0.298129568,0.295672813,0.293229888,0.290803527,0.288410504,0.286033082,0.283773801,0.281532294,0.27953,0.277579017
60,-5.5,0.43,0.43,0.43,0.43,0.43,0.43,0.422014409,0.408339161,0.400429008,0.391277288,0.386277335,0.380341914,0.375252074,0.369015705,0.366416295,0.36199714,0.355059757,0.349184989,0.346455431,0.344900949,0.343064787,0.340610543,0.337567202,0.333819545,0.329254713,0.323921855,0.318582007,0.314296474,0.311200431,0.308472099,0.305758358,0.303096907,0.300448424,0.297813949,0.29518906,0.2925314,0.289891249,0.287420726,0.284970868,0.282917548,0.280942068
70,-6,0.43,0.43,0.43,0.43,0.43,0.43,0.43,0.422690819,0.408894988,0.39711231,0.390807011,0.387594669,0.380155598,0.374835833,0.374407875,0.368402601,0.359201756,0.354000103,0.35352834,0.353430982,0.35212895,0.349759996,0.346575775,0.342172796,0.336044809,0.328845625,0.322403184,0.31796607,0.315046841,0.312211416,0.309373081,0.306401667,0.303444536,0.300503211,0.297562998,0.294496184,0.291451556,0.288703828,0.285983176,0.283946491,0.282035936
80,-6.5,0.43,0.43,0.43,0.43,0.43,0.43,0.43,0.43,0.43,0.403890201,0.394259356,0.398079614,0.384110885,0.380288779,0.383589542,0.374753312,0.362177734,0.3585626,0.360918528,0.362545629,0.362173729,0.360297217,0.356891451,0.35080223,0.341416022,0.331412386,0.324197153,0.320022217,0.317243337,0.314128946,0.310994652,0.307528533,0.30408095,0.300654349,0.297219297,0.293524593,0.289862832,0.28677203,0.283721149,0.281848148,0.28018366
90,-7,0.43,0.43,0.43,0.43,0.43,0.43,0.43,0.43,0.43,0.43,0.395307991,0.412817374,0.384035161,0.389642659,0.395154129,0.376400607,0.361971627,0.363536251,0.369917226,0.373804832,0.374836066,0.37374261,0.369554678,0.359489303,0.344200222,0.330806419,0.323829688,0.32013945,0.317061374,0.313405418,0.309716921,0.305508068,0.301328823,0.297183387,0.293021082,0.288411731,0.283859897,0.280420443,0.277044092,0.275635172,0.274565537
0,-2.5,0.43,0.43,0.423426564,0.406494725,0.392491742,0.380014206,0.368656067,0.358457913,0.349268266,0.340935268,0.333397672,0.326467089,0.320144763,0.314347853,0.308997458,0.304011898,0.299361034,0.294996773,0.290849685,0.286921437,0.283235336,0.279801008,0.276605941,0.273619986,0.270788079,0.268056617,0.265393995,0.262792349,0.260283285,0.257935987,0.255634036,0.253589587,0.251564829,0.249559859,0.247585644,0.245728987,0.243890149,0.242155916,0.240439981,0.238807868,0.237202201
10,-2.5,0.43,0.43,0.423426558,0.406494559,0.392491601,0.380014025,0.368655885,0.358457789,0.349268174,0.340935231,0.333397769,0.32646719,0.320144743,0.314347813,0.308997419,0.304011822,0.299360926,0.294996687,0.290849639,0.286921367,0.283235151,0.279800663,0.27660547,0.273619478,0.270787663,0.26805638,0.26539395,0.262792431,0.260283403,0.257936088,0.25563412,0.253589654,0.251564878,0.249559892,0.24758566,0.245728992,0.243890143,0.242155905,0.240439965,0.23880785,0.237202181
20,-3,0.43,0.43,0.43,0.414992441,0.401495225,0.390369712,0.379885786,0.370371667,0.361609274,0.353577005,0.346253229,0.339436619,0.33318623,0.327426161,0.322079984,0.317114459,0.31245828,0.308003527,0.30371591,0.299685643,0.295972866,0.292568592,0.289410138,0.286429746,0.283534143,0.280672494,0.277837326,0.27505573,0.272386625,0.269926705,0.267513173,0.265386489,0.263278082,0.261188168,0.259128302,0.257189322,0.25526729,0.253450827,0.251652104,0.249942104,0.248259019
30,-3.5,0.43,0.43,0.43,0.426945421,0.408615613,0.398550883,0.388748366,0.379954797,0.371595827,0.363921923,0.356887599,0.350208608,0.344135531,0.338441051,0.333149727,0.328290577,0.323661307,0.319073109,0.314644355,0.310598199,0.306987184,0.303724576,0.300653874,0.297669252,0.294669239,0.291638861,0.288602938,0.285623123,0.282794968,0.28023983,0.277731272,0.27553281,0.273351106,0.271186494,0.269050472,0.26703272,0.265031049,0.263133386,0.261252882,0.259469994,0.257715153
40,-4,0.43,0.43,0.43,0.43,0.416912935,0.405658288,0.396215076,0.387878487,0.379807284,0.372638184,0.365918974,0.359326155,0.353567883,0.347857178,0.342706459,0.338047645,0.33337417,0.328518628,0.32400759,0.320151205,0.316839996,0.313820775,0.310827919,0.307753014,0.304565747,0.301304597,0.298006644,0.294778184,0.291784237,0.28915301,0.286566877,0.284298359,0.282045099,0.279807552,0.277596067,0.275490388,0.273400098,0.271411195,0.269439028,0.267583558,0.265759031
50,-4.5,0.43,0.43,0.43,0.43,0.43,0.413712564,0.402583013,0.394870485,0.386769363,0.379951783,0.373669594,0.367038556,0.361749985,0.355921116,0.351142968,0.346763546,0.341848439,0.336600522,0.332189876,0.328766121,0.325876125,0.323100087,0.320142311,0.316926126,0.313505673,0.309906758,0.306188327,0.302621699,0.299486031,0.296809984,0.294173752,0.291823317,0.289486823,0.287164858,0.284864938,0.282643278,0.280436727,0.278332469,0.276244977,0.274314633,0.272421843
60,-5,0.43,0.43,0.43,0.43,0.43,0.429308879,0.408300188,0.401521237,0.393540308,0.385819837,0.380413568,0.373834913,0.368953157,0.362881031,0.358901056,0.354688816,0.349071873,0.343402422,0.339534078,0.336901894,0.334528909,0.331933166,0.328938036,0.325504224,0.321702488,0.317496255,0.313106977,0.309150674,0.305962851,0.303265045,0.300596852,0.29812728,0.29567077,0.293228087,0.290801963,0.288409159,0.286031953,0.283772857,0.281531532,0.279529417,0.277578611
70,-5.5,0.43,0.43,0.43,0.43,0.43,0.43,0.421888273,0.408356409,0.40042582,0.391403261,0.386187047,0.380285108,0.375106118,0.369065239,0.366475208,0.361866437,0.354850586,0.349038072,0.346438147,0.3449676,0.343140685,0.340650987,0.337572422,0.333814385,0.329270999,0.323961156,0.318619105,0.31431004,0.311192367,0.308460148,0.305742951,0.303082522,0.300435056,0.297801594,0.295177758,0.292521545,0.289882827,0.28741411,0.284966044,0.28291498,0.280941813
80,-6,0.43,0.43,0.43,0.43,0.43,0.43,0.43,0.425210843,0.409459796,0.396601204,0.391343241,0.38777475,0.380726648,0.374573399,0.374275394,0.368817609,0.359630941,0.3540507,0.353224063,0.353096062,0.35195427,0.349760788,0.346650983,0.342208974,0.336015404,0.328794697,0.322379936,0.317977311,0.315071972,0.31223417,0.309393473,0.306419836,0.303460492,0.300516969,0.297574611,0.294505983,0.291459563,0.288709828,0.285987192,0.283948147,0.282035191
90,-6.5,0.43,0.43,0.43,0.43,0.43,0.43,0.43,0.43,0.43,0.405511844,0.393558161,0.3976344,0.383120422,0.381362196,0.383601074,0.373309435,0.361596204,0.35871944,0.360756441,0.362246748,0.361989852,0.360282308,0.356949522,0.35081729,0.341369312,0.331363005,0.324194973,0.320055294,0.31727908,0.31415795,0.31101729,0.307548749,0.304098753,0.300669755,0.29723235,0.293535525,0.289871672,0.286778157,0.283724591,0.281848259,0.280180357
0,-2,0.43,0.43,0.413333817,0.395952963,0.380127563,0.366220043,0.353980003,0.343202989,0.333653687,0.325130088,0.317484741,0.310515833,0.304212038,0.2984565,0.293173101,0.288256341,0.283678175,0.27941511,0.27541069,0.271634894,0.268077182,0.264732671,0.261594046,0.258648506,0.255873678,0.253238854,0.250715862,0.248282229,0.245949626,0.243747052,0.241587497,0.239648378,0.237730037,0.235832455,0.233965365,0.232206446,0.230466037,0.228825333,0.227203288,0.22566069,0.224144069
10,-2,0.43,0.43,0.4133338,0.3959527,0.380127389,0.366219868,0.353979842,0.343202875,0.333653597,0.325130029,0.317484756,0.310515892,0.304212052,0.298456474,0.293173063,0.288256289,0.283678107,0.27941504,0.275410632,0.271634838,0.268077096,0.264732523,0.261593825,0.258648223,0.25587338,0.253238597,0.250715686,0.248282143,0.245949608,0.24374706,0.241587527,0.239648406,0.237730062,0.235832477,0.233965384,0.232206458,0.230466042,0.228825333,0.227203283,0.225660681,0.224144057
20,-2.5,0.43,0.43,0.423426552,0.406494099,0.392491299,0.380013401,0.368655332,0.358457426,0.349267953,0.340935091,0.333397833,0.326467489,0.320144808,0.314347275,0.308997847,0.30401349,0.299361592,0.294993473,0.290843537,0.286915615,0.283232062,0.279800454,0.276606357,0.273619272,0.27078499,0.268051607,0.265388432,0.262787414,0.260279624,0.257933314,0.255632289,0.253588273,0.25156394,0.249559388,0.247585563,0.245729121,0.243890494,0.242156348,0.240440495,0.238808388,0.237202715
30,-3,0.43,0.43,0.43,0.414995154,0.401497835,0.390367518,0.379887074,0.370370683,0.361610704,0.353575119,0.346248456,0.339436022,0.333190407,0.327432512,0.32208294,0.317113918,0.31245805,0.308007036,0.303721324,0.299688929,0.295971422,0.292562495,0.28940199,0.286422713,0.283530439,0.2806721,0.277838769,0.275057418,0.272387619,0.269927325,0.267513451,0.265386715,0.263278256,0.261188292,0.259128382,0.257189401,0.255267367,0.253450902,0.251652177,0.249942165,0.248259067
40,-3.5,0.43,0.43,0.43,0.427388741,0.408725427,0.398491121,0.38887708,0.379930505,0.371596141,0.363975126,0.356920552,0.350234309,0.344165965,0.338459596,0.333157213,0.32829086,0.323653832,0.319058073,0.314631418,0.310599893,0.307007936,0.303758598,0.300688171,0.297691616,0.294675475,0.291634618,0.288596952,0.285619822,0.282794399,0.280239424,0.277730993,0.275532282,0.273350331,0.271185477,0.269049233,0.2670314,0.265029651,0.263132069,0.26125165,0.259468949,0.257714308
50,-4,0.43,0.43,0.43,0.43,0.416865471,0.405672041,0.396188554,0.387894045,0.379798188,0.372639636,0.365919147,0.359292671,0.35353275,0.347841591,0.342703752,0.338048985,0.33337646,0.328522239,0.324012559,0.320155595,0.316841729,0.313819118,0.310823934,0.307748447,0.304562028,0.30130158,0.298003428,0.294774805,0.291781646,0.289151456,0.286566293,0.284298132,0.282045224,0.279808025,0.277596858,0.275491268,0.273401066,0.271412111,0.269439889,0.267584284,0.265759611
60,-4.5,0.43,0.43,0.43,0.43,0.43,0.413586232,0.402277007,0.394933861,0.386964531,0.379702929,0.373633648,0.367028925,0.361713718,0.355897544,0.351156003,0.346760824,0.341811897,0.336562738,0.332187247,0.328798399,0.325919829,0.32313239,0.320154257,0.316919962,0.313495433,0.309901668,0.306188566,0.302622977,0.299485801,0.296809175,0.294172421,0.291822045,0.289485609,0.287163703,0.284863847,0.282642315,0.280435888,0.278331754,0.276244384,0.274314159,0.272421488
70,-5,0.43,0.43,0.43,0.43,0.43,0.429464175,0.40823767,0.401536073,0.393509319,0.385899476,0.380372706,0.373796751,0.368860124,0.362883264,0.358941453,0.35463933,0.348948588,0.343291636,0.339493954,0.336926244,0.334578094,0.331972308,0.328954758,0.325503281,0.321705332,0.317513972,0.313132273,0.30916789,0.305965489,0.303262419,0.300589429,0.298119803,0.29566324,0.293220509,0.290794418,0.288402356,0.286025886,0.28376786,0.2815276,0.279526851,0.277577447
80,-5.5,0.43,0.43,0.43,0.43,0.43,0.43,0.424778569,0.4087493,0.400129944,0.391436858,0.386474929,0.380396932,0.37549803,0.369005041,0.366359178,0.362048705,0.355136585,0.349147972,0.346309863,0.344752472,0.342986269,0.340611335,0.337606498,0.33385317,0.329270375,0.323932296,0.318594029,0.314304452,0.311201978,0.308471496,0.305755785,0.303094218,0.300445621,0.297811034,0.295186073,0.292528673,0.28988878,0.287418782,0.284969448,0.282916901,0.280942228
90,-6,0.43,0.43,0.43,0.43,0.43,0.43,0.43,0.427845455,0.410077515,0.397189026,0.390818963,0.387629671,0.379888743,0.375013842,0.374451283,0.368086297,0.359064531,0.354098903,0.353229057,0.352947421,0.351801628,0.349701693,0.3466655,0.342236408,0.336001873,0.328760054,0.322363987,0.317986711,0.315091619,0.312251977,0.30940946,0.306434186,0.303473215,0.300528073,0.297584128,0.294514079,0.291466254,0.288714815,0.285990488,0.283949343,0.282034237
0,-1.5,0.43,0.425720094,0.401432789,0.380404562,0.362292431,0.347049037,0.334098047,0.322951056,0.313229033,0.304687324,0.297103409,0.29024248,0.284081923,0.278488163,0.273379404,0.268640824,0.264239604,0.260155788,0.25634449,0.252771584,0.249413492,0.246252735,0.243273897,0.240465198,0.237814017,0.23530473,0.232920786,0.230646486,0.228491872,0.226462982,0.224474947,0.222677946,0.220902214,0.219147621,0.217422375,0.215792677,0.214181715,0.212660582,0.211158014,0.209728024,0.208322891
10,-1.5,0.43,0.425720426,0.401432421,0.380404258,0.362292254,0.347048886,0.334097912,0.322950952,0.313228952,0.304687262,0.297103383,0.29024249,0.284081936,0.278488157,0.273379381,0.268640787,0.264239555,0.260155733,0.256344436,0.252771534,0.249413437,0.246252663,0.243273796,0.240465063,0.237813855,0.235304558,0.232920624,0.230646351,0.228491774,0.226462912,0.224474903,0.222677913,0.22090219,0.219147606,0.217422368,0.215792674,0.214181715,0.212660581,0.211158013,0.209728021,0.208322888
20,-2,0.43,0.43,0.413333664,0.395951892,0.380126885,0.366219296,0.353979311,0.343202548,0.333653334,0.325129854,0.317484693,0.31051598,0.304212136,0.298456268,0.293173046,0.288256866,0.283678789,0.279414512,0.275408343,0.271631531,0.268073945,0.264730352,0.261592714,0.258647748,0.255872728,0.253237199,0.250713446,0.24827941,0.245946894,0.243744717,0.241585547,0.239646773,0.237728768,0.235831516,0.233964742,0.232206058,0.230465881,0.22882532,0.227203413,0.225660887,0.224144326
30,-2.5,0.43,0.43,0.423426323,0.406493856,0.392491724,0.380011814,0.368655216,0.358457184,0.349268133,0.340934469,0.333394995,0.326465671,0.320146151,0.314350842,0.309000631,0.304014244,0.299361273,0.294994208,0.29084589,0.286918258,0.283233231,0.279799119,0.276602791,0.27361456,0.270780781,0.268049032,0.265387713,0.262787897,0.260280418,0.257933984,0.25563284,0.25358872,0.251564284,0.249559632,0.247585712,0.24572922,0.243890543,0.242156377,0.240440505,0.238808389,0.237202708
40,-3,0.43,0.43,0.43,0.415105449,0.401547396,0.390330315,0.37996132,0.3703698,0.361618464,0.353596283,0.346273213,0.33945254,0.333208507,0.327446899,0.322090287,0.317115754,0.312455096,0.307999362,0.303712202,0.299684738,0.295977045,0.29257824,0.289422972,0.286442192,0.283542533,0.280675618,0.277836573,0.275053693,0.272385221,0.269925703,0.267512536,0.265385868,0.263277476,0.261187578,0.259127725,0.257188726,0.255266676,0.253450236,0.251651536,0.249941605,0.248258597
50,-3.5,0.43,0.43,0.43,0.427299791,0.408716751,0.398504435,0.388866315,0.379937012,0.371587697,0.363973047,0.356923044,0.350216577,0.344141842,0.338444672,0.333151992,0.328290303,0.323654675,0.319059535,0.314633783,0.310602545,0.307009719,0.303758672,0.300686533,0.29768887,0.294672663,0.291632285,0.288594965,0.285617911,0.282792726,0.280238285,0.27773036,0.275531934,0.273350265,0.271185688,0.269049702,0.267031994,0.265030367,0.263132803,0.261252398,0.259469648,0.257714948
60,-4,0.43,0.43,0.43,0.43,0.416667006,0.405707099,0.396006954,0.387941662,0.379862242,0.372501228,0.365875674,0.359286977,0.353515187,0.347822399,0.342705685,0.338051431,0.333360803,0.328496223,0.323999791,0.320165311,0.316866624,0.313845693,0.310841165,0.307751435,0.30455649,0.301295682,0.29800122,0.294774936,0.291781874,0.289151308,0.286565799,0.284297587,0.282044629,0.279807381,0.277596174,0.275490631,0.273400475,0.271411593,0.269439444,0.267583918,0.265759324
70,-4.5,0.43,0.43,0.43,0.43,0.43,0.413589823,0.40225698,0.394946941,0.386937129,0.379746206,0.373621791,0.367001315,0.361659319,0.355882361,0.351177414,0.346748215,0.34174636,0.336485032,0.332142467,0.328797247,0.325946223,0.323163866,0.320175413,0.316925318,0.313495296,0.309907353,0.306202146,0.302636525,0.29949218,0.296811111,0.294170266,0.291819239,0.28948216,0.28715962,0.284859224,0.282637913,0.280431707,0.278328144,0.276241347,0.274311918,0.272420071
80,-5,0.43,0.43,0.43,0.43,0.43,0.429909258,0.409592475,0.40150306,0.393300754,0.386092898,0.380501493,0.373891161,0.369096269,0.362911014,0.358867798,0.354701812,0.349121028,0.343405837,0.339464222,0.336805162,0.334458628,0.33191234,0.328952954,0.32552945,0.32171845,0.317503842,0.313113229,0.309156032,0.305965476,0.303265918,0.300596104,0.298126232,0.295669424,0.293226449,0.290800072,0.288407337,0.286030201,0.283771384,0.281530339,0.279528673,0.277578338
90,-5.5,0.43,0.43,0.43,0.43,0.43,0.43,0.43,0.410650087,0.400251915,0.391607156,0.386193288,0.380314845,0.374940251,0.369120208,0.366529371,0.361719944,0.354706227,0.349084058,0.346350163,0.344711235,0.342889346,0.340530847,0.337576415,0.333867957,0.329276559,0.323915492,0.318575474,0.314299985,0.311209535,0.308480437,0.305765915,0.303103516,0.30045409,0.29781868,0.295192891,0.292534575,0.289893776,0.287422709,0.284972314,0.282918461,0.280942454
0,-1,0.43,0.412407624,0.38073879,0.355086575,0.334906794,0.318792125,0.305596377,0.294509832,0.284993288,0.276746329,0.269505784,0.263011305,0.257218731,0.251987608,0.247232305,0.242838694,0.238771112,0.235007224,0.231507453,0.228240165,0.225180184,0.222306192,0.219598487,0.217043289,0.214627839,0.212340185,0.210169105,0.208105698,0.206162751,0.204344991,0.202566403,0.20096057,0.199375712,0.197811599,0.196275184,0.194823272,0.193389562,0.192034252,0.190696709,0.189422564,0.188171271
10,-1,0.43,0.412406934,0.38073832,0.355086309,0.334906636,0.318792009,0.305596272,0.29450974,0.284993211,0.276746266,0.26950574,0.263011282,0.257218722,0.251987601,0.247232292,0.242838674,0.238771084,0.235007187,0.231507411,0.228240121,0.225180136,0.22230614,0.219598426,0.217043218,0.214627756,0.212340092,0.210169008,0.208105601,0.206162664,0.204344914,0.202566337,0.200960514,0.199375664,0.197811559,0.196275152,0.194823246,0.193389542,0.192034236,0.190696696,0.189422554,0.188171263
20,-1.5,0.43,0.425721534,0.401431206,0.380403281,0.362291691,0.347048406,0.334097457,0.322950634,0.313228709,0.304687077,0.29710326,0.290242451,0.284081949,0.278488089,0.27337931,0.268640901,0.264239835,0.260155805,0.256343883,0.252770298,0.249411762,0.246250895,0.243272221,0.240463826,0.237812877,0.23530365,0.232919621,0.230645193,0.228490495,0.226461658,0.224473685,0.222676829,0.220901239,0.219146785,0.217421675,0.215792115,0.214181287,0.212660265,0.211157807,0.209727899,0.208322843
30,-2,0.43,0.43,0.413332067,0.395950771,0.380126106,0.366218179,0.353978574,0.34320243,0.333653098,0.325129554,0.317483257,0.310514271,0.30421187,0.298457732,0.293174969,0.288258139,0.283679143,0.279414598,0.275408915,0.271632628,0.26807505,0.26473082,0.26159212,0.258646014,0.255870297,0.253234745,0.25071153,0.248278228,0.245946364,0.243744485,0.241585585,0.239646843,0.237728869,0.235831648,0.233964898,0.232206197,0.230466003,0.228825416,0.227203484,0.225660936,0.224144353
40,-2.5,0.43,0.43,0.423428288,0.406505058,0.39250764,0.379994902,0.368691551,0.358468875,0.349271475,0.34094275,0.333410662,0.326478013,0.320157166,0.314360943,0.309007334,0.304017187,0.299360741,0.294990572,0.290840432,0.286913789,0.283232791,0.279804334,0.27661289,0.273627152,0.270792248,0.268056652,0.265390732,0.262787727,0.260279175,0.257932816,0.255631754,0.253587801,0.251563529,0.249559037,0.24758527,0.245728871,0.243890286,0.242156176,0.240440358,0.238808295,0.237202666
50,-3,0.43,0.43,0.43,0.415090864,0.40154907,0.390338414,0.379956391,0.370369968,0.361612902,0.353592414,0.346274018,0.339444386,0.33319276,0.327434021,0.322083787,0.317113684,0.312455031,0.307999903,0.303713261,0.299686208,0.295978474,0.292579078,0.289422869,0.286441123,0.283540929,0.280674003,0.277835227,0.275052582,0.272384314,0.269925076,0.267512177,0.265385701,0.263277498,0.261187784,0.259128106,0.257189218,0.255267277,0.253450882,0.251652224,0.249942291,0.248259272
60,-3.5,0.43,0.43,0.43,0.426972409,0.40862841,0.398555097,0.388754621,0.379958417,0.371595692,0.363910206,0.356879321,0.350210324,0.344133637,0.338431413,0.333148677,0.328291985,0.32364966,0.319044939,0.314620744,0.310600586,0.307020043,0.303775969,0.300702616,0.297697294,0.294672937,0.291628528,0.288591519,0.285616158,0.282792196,0.280237898,0.2777301,0.275531645,0.273349948,0.271185342,0.269049332,0.267031631,0.265030011,0.263132482,0.261252111,0.259469404,0.257714748
70,-4,0.43,0.43,0.43,0.43,0.416713861,0.405677021,0.396011223,0.38794985,0.379844261,0.37252074,0.365877189,0.359268452,0.353484362,0.347804471,0.342713291,0.338051948,0.333330873,0.328446768,0.323960061,0.320150932,0.316875614,0.313866627,0.310860982,0.30776129,0.304558276,0.30129673,0.29800652,0.29478267,0.291787693,0.289154415,0.286566381,0.284297372,0.282043628,0.279805604,0.277593699,0.275488054,0.273397798,0.27140915,0.26943724,0.267582139,0.265757996
80,-4.5,0.43,0.43,0.43,0.43,0.43,0.413452691,0.402781354,0.394844602,0.38690363,0.379922571,0.373680133,0.367075377,0.361792411,0.355935752,0.351143027,0.34675824,0.341837241,0.336578379,0.33216113,0.328742644,0.325865439,0.323102069,0.320150513,0.316933574,0.313509722,0.30990968,0.306192388,0.302625631,0.299487749,0.296810144,0.294172475,0.291821797,0.289485061,0.287162859,0.284862737,0.282641171,0.280434711,0.278330707,0.276243469,0.274313493,0.272421086
90,-5,0.43,0.43,0.43,0.43,0.43,0.43,0.413904593,0.401803767,0.393293561,0.386144438,0.38038166,0.373813677,0.368771792,0.362883956,0.35898074,0.35458181,0.348843446,0.34328565,0.339475907,0.336812096,0.334416988,0.331845348,0.328903875,0.325522169,0.321727428,0.317502198,0.313100578,0.309146579,0.305965203,0.303268562,0.30060139,0.298131381,0.295674436,0.293231322,0.290804769,0.288411514,0.286033864,0.283774386,0.281532684,0.27953021,0.277579049
0,-0.5,0.43,0.381701373,0.337159606,0.308211551,0.287677018,0.272171215,0.2599197,0.249874367,0.241393711,0.234133599,0.227821814,0.222207511,0.217232025,0.212763292,0.208719724,0.204999174,0.201567307,0.19840066,0.19546444,0.192731145,0.190178366,0.187786532,0.185537283,0.183417517,0.18141507,0.179519301,0.177720961,0.176013607,0.174408494,0.17291144,0.171449245,0.170132374,0.168834563,0.167555511,0.166300772,0.165116408,0.163948289,0.162844503,0.161756345,0.160719878,0.159702838
10,-0.5,0.43,0.381700411,0.337159243,0.308211358,0.287676891,0.272171119,0.259919616,0.249874289,0.24139364,0.234133535,0.227821759,0.222207467,0.217231992,0.212763266,0.208719703,0.204999155,0.201567289,0.198400641,0.19546442,0.192731123,0.190178343,0.187786506,0.185537254,0.183417483,0.181415032,0.179519258,0.177720914,0.176013558,0.174408443,0.172911391,0.171449197,0.170132329,0.168834521,0.167555471,0.166300734,0.165116372,0.163948256,0.162844472,0.161756317,0.160719852,0.159702815
20,-1,0.43,0.412404795,0.380736758,0.355085416,0.334906115,0.318791638,0.305595924,0.294509443,0.284992971,0.276746078,0.269505597,0.263011188,0.257218671,0.251987549,0.247232234,0.242838658,0.23877113,0.23500723,0.231507311,0.228239785,0.225179554,0.222305361,0.219597537,0.217042301,0.214626858,0.212339218,0.210168146,0.208104736,0.206161791,0.204344063,0.20256551,0.200959751,0.199374964,0.19781092,0.196274574,0.194822738,0.193389102,0.192033864,0.190696389,0.189422306,0.188171072
30,-1.5,0.43,0.42572302,0.401428748,0.380401624,0.362290427,0.347047575,0.334096623,0.322950333,0.313228471,0.304686845,0.29710257,0.290241344,0.284081171,0.278488201,0.27338012,0.268641897,0.264240608,0.260156253,0.256344204,0.252770652,0.249412156,0.246251204,0.243272261,0.24046345,0.237812068,0.235302534,0.232918395,0.23064405,0.228489585,0.226460971,0.224473204,0.222676449,0.220900957,0.219146599,0.217421578,0.215792064,0.214181282,0.212660277,0.211157835,0.209727928,0.208322872
40,-2,0.43,0.43,0.413302608,0.395953148,0.380122502,0.366213112,0.353990555,0.34321709,0.333655327,0.325131641,0.317491649,0.310523827,0.304219745,0.298464457,0.293180177,0.288261503,0.28368051,0.279413943,0.275406609,0.271629755,0.268073121,0.264731161,0.261595319,0.258651872,0.255877594,0.253241842,0.250717097,0.248281838,0.245948283,0.243745626,0.241586017,0.239647166,0.237729086,0.23583176,0.23396492,0.232206238,0.230466061,0.228825516,0.227203626,0.225661121,0.22414458
50,-2.5,0.43,0.43,0.423426965,0.406514606,0.392512577,0.379997862,0.368688424,0.358465475,0.349267485,0.340938162,0.333409231,0.326474379,0.320147975,0.31435106,0.309000743,0.304014122,0.299360062,0.294990908,0.290841169,0.286914761,0.283233879,0.279805352,0.276613606,0.273627394,0.270792002,0.268056083,0.265390054,0.26278709,0.260278692,0.257932532,0.255631659,0.253587846,0.25156371,0.249559352,0.247585711,0.245729398,0.243890897,0.24215683,0.240441052,0.238808999,0.237203374
60,-3,0.43,0.43,0.43,0.415011065,0.401510128,0.390370985,0.379890699,0.37037017,0.361607736,0.35356726,0.346239178,0.339433126,0.333188621,0.327426223,0.32207902,0.31711315,0.312453913,0.307993558,0.303704429,0.299680644,0.295979785,0.292587047,0.289433737,0.286450386,0.283545523,0.280674037,0.277832817,0.275049948,0.272382728,0.269924056,0.267511675,0.265385288,0.263277172,0.261187544,0.259127943,0.257189062,0.255267127,0.253450731,0.251652072,0.249942144,0.248259132
70,-3.5,0.43,0.43,0.43,0.427122605,0.408642632,0.398531933,0.388765304,0.379962377,0.371585747,0.363916377,0.356884718,0.350200116,0.344115919,0.338416425,0.333148291,0.328294573,0.32363884,0.319017571,0.314591011,0.310581904,0.307017249,0.303785946,0.300717161,0.297708481,0.294677808,0.291629571,0.288592757,0.285619075,0.282795699,0.28024033,0.277731512,0.275532418,0.273350091,0.271184866,0.269048282,0.267030341,0.265028485,0.263130981,0.261250642,0.25946812,0.257713673
80,-4,0.43,0.43,0.43,0.43,0.417271269,0.405485792,0.396255944,0.387880276,0.379892723,0.372634895,0.365913436,0.359316458,0.353558631,0.347855053,0.342705718,0.338045912,0.333370095,0.328510359,0.323995341,0.320138472,0.316830387,0.31381588,0.310826762,0.307753579,0.304565983,0.301303861,0.298005297,0.294776762,0.291783038,0.289151985,0.286566018,0.284297596,0.282044431,0.279806978,0.277595584,0.275489978,0.273399759,0.271410923,0.269438821,0.267583421,0.265758964
90,-4.5,0.43,0.43,0.43,0.43,0.43,0.411507927,0.403634553,0.394955271,0.386874226,0.379940984,0.373640606,0.367007793,0.361618153,0.35586573,0.351198401,0.346731945,0.341684208,0.3364557,0.332134323,0.328753133,0.32585925,0.323066871,0.320109773,0.316911912,0.313509667,0.30991401,0.306189269,0.302619308,0.299484686,0.296809615,0.294174274,0.291823903,0.28948747,0.287165566,0.284865689,0.282643925,0.28043727,0.278332886,0.27624527,0.274314802,0.272421889
0,0,0.43,0.236789508,0.203159375,0.18520368,0.173277508,0.164551345,0.157783972,0.152306686,0.147726892,0.143832868,0.140465619,0.137485849,0.134853807,0.132497134,0.130370283,0.128418762,0.126623152,0.124969249,0.123438207,0.122015158,0.120687967,0.119446035,0.118279514,0.117181248,0.116144605,0.115163826,0.114233963,0.113351625,0.112522303,0.111749178,0.110995083,0.110315997,0.109647562,0.10898956,0.108344747,0.107736387,0.107136959,0.106570698,0.106012928,0.105481787,0.10496095
10,0,0.43,0.236788962,0.203159112,0.185203528,0.173277408,0.164551275,0.157783918,0.152306643,0.147726855,0.143832836,0.140465591,0.137485826,0.134853788,0.132497119,0.13037027,0.128418752,0.126623143,0.124969241,0.123438199,0.12201515,0.120687959,0.119446027,0.118279505,0.117181239,0.116144595,0.115163815,0.114233951,0.113351611,0.112522289,0.111749164,0.110995069,0.110315983,0.109647548,0.108989546,0.108344734,0.107736374,0.107136946,0.106570686,0.106012916,0.105481776,0.104960939
20,-0.5,0.43,0.381697256,0.337158015,0.308210695,0.287676466,0.272170815,0.259919353,0.249874049,0.241393422,0.234133341,0.227821591,0.222207327,0.217231881,0.212763174,0.208719624,0.204999096,0.201567255,0.198400623,0.195464385,0.19273104,0.190178192,0.187786283,0.185536966,0.183417142,0.181414648,0.17951884,0.177720465,0.17601308,0.174407941,0.172910877,0.171448673,0.170131818,0.168834022,0.167554985,0.16630026,0.16511592,0.163947824,0.162844066,0.161755935,0.160719497,0.159702487
30,-1,0.43,0.412401748,0.380733776,0.355083574,0.334904925,0.318790927,0.30559527,0.29450902,0.284992698,0.276745885,0.269505289,0.26301066,0.25721808,0.251987184,0.247232219,0.242838921,0.238771541,0.235007669,0.231507737,0.228240193,0.225179931,0.222305676,0.21959774,0.217042341,0.214626702,0.21233887,0.210167639,0.208104131,0.206161164,0.204343475,0.202564963,0.200959262,0.199374533,0.197810545,0.196274253,0.194822468,0.193388882,0.192033684,0.190696249,0.189422197,0.188170992
40,-1.5,0.43,0.425685494,0.401427717,0.380396562,0.362279076,0.347045455,0.334098087,0.322960243,0.313233405,0.304687969,0.297105577,0.290246824,0.2840874,0.278494081,0.27338501,0.268645523,0.26424287,0.260157172,0.256343957,0.252769661,0.249411055,0.246250693,0.243272913,0.240465596,0.237815617,0.235307016,0.232923176,0.230648547,0.228493336,0.226463991,0.224475538,0.22267841,0.220902553,0.219147837,0.217422482,0.215792767,0.214181788,0.212660683,0.211158145,0.209728195,0.208323105
50,-2,0.43,0.43,0.413322253,0.395962733,0.380126319,0.366211795,0.353987226,0.343212039,0.33365128,0.325127438,0.317489052,0.310521714,0.304215262,0.298458385,0.293174939,0.288258216,0.283679285,0.279414179,0.275407591,0.271631017,0.268074405,0.264732328,0.261596309,0.258652658,0.255878165,0.253242223,0.250717341,0.248282011,0.245948452,0.243745846,0.241586289,0.239647501,0.237729483,0.235832217,0.233965435,0.232206802,0.230466673,0.22882616,0.227204301,0.225661811,0.224145283
60,-2.5,0.43,0.43,0.423427509,0.406510888,0.392499784,0.380011988,0.368654162,0.358453272,0.349262958,0.340927629,0.333386405,0.326460087,0.320143391,0.314346877,0.308996853,0.304012213,0.299359392,0.294988925,0.290837116,0.286910414,0.28323163,0.279806604,0.276617991,0.273633434,0.270797449,0.268059393,0.265390926,0.262786397,0.260277607,0.257931603,0.255630882,0.253587193,0.251563179,0.249558941,0.247585412,0.245729157,0.243890713,0.242156667,0.240440909,0.238808865,0.237203246
70,-3,0.43,0.43,0.43,0.415044099,0.40151399,0.390357726,0.379899313,0.370371916,0.361602904,0.353567224,0.346243737,0.339429327,0.333178406,0.327415248,0.322075125,0.317114017,0.312451236,0.307981124,0.303685985,0.299664052,0.295970994,0.292587688,0.289440854,0.286459376,0.283552216,0.280677235,0.277833775,0.275050606,0.27238404,0.269925253,0.267512739,0.265386005,0.263277548,0.261187586,0.259127665,0.257188561,0.255266407,0.25344994,0.251651216,0.249941333,0.248258383
80,-3.5,0.43,0.43,0.43,0.427565283,0.408912395,0.398412129,0.388884987,0.379937103,0.371640975,0.363981524,0.356914313,0.350227649,0.344157669,0.338455267,0.333154994,0.328288798,0.323650756,0.319052996,0.314623965,0.310591287,0.307000163,0.303753172,0.300685422,0.297691003,0.294675668,0.291634583,0.288596365,0.285618948,0.282793572,0.280238742,0.27773045,0.275531839,0.273349987,0.271185231,0.26904908,0.26703132,0.265029641,0.263132117,0.261251753,0.259469104,0.257714513
90,-4,0.43,0.43,0.43,0.43,0.417845765,0.404086901,0.396449001,0.3879876,0.379865544,0.372642422,0.365906042,0.359268955,0.353467374,0.347787438,0.342720668,0.338050956,0.333300723,0.328416611,0.323946853,0.320132495,0.316835058,0.313808618,0.310807583,0.307732597,0.304556329,0.301304543,0.298007604,0.294776562,0.291781542,0.289151354,0.2865662,0.284298141,0.282045333,0.279808234,0.277597153,0.275491559,0.273401353,0.27141234,0.269440059,0.267584379,0.265759628
20,0,0.43,0.236787261,0.20315828,0.185203036,0.173277087,0.164551053,0.15778375,0.152306506,0.147726741,0.143832739,0.140465509,0.137485757,0.134853731,0.132497071,0.13037023,0.12841872,0.12662312,0.124969225,0.123438184,0.122015128,0.120687924,0.119445976,0.118279438,0.117181157,0.116144499,0.115163706,0.114233829,0.113351477,0.112522143,0.111749009,0.110994905,0.110315817,0.109647379,0.108989375,0.108344561,0.107736201,0.107136774,0.106570516,0.106012748,0.105481612,0.104960778
30,-0.5,0.43,0.381691538,0.337155487,0.308209187,0.287675522,0.272170232,0.259918916,0.249873723,0.241393182,0.234133162,0.227821413,0.222207097,0.217231598,0.212762905,0.208719428,0.20499899,0.201567232,0.198400664,0.195464477,0.192731173,0.190178356,0.187786462,0.185537142,0.183417293,0.181414757,0.179518894,0.177720461,0.176013021,0.174407838,0.172910747,0.17144852,0.17013166,0.168833859,0.167554817,0.166300089,0.16511575,0.163947656,0.162843903,0.161755778,0.160719346,0.159702343
40,-1,0.43,0.412429292,0.380732606,0.355070185,0.334893813,0.318787232,0.305594379,0.294513583,0.284998052,0.276749473,0.26950814,0.263013851,0.257221963,0.251991567,0.247236725,0.242843228,0.238775375,0.235010818,0.2315101,0.228241801,0.225180942,0.222306339,0.219598357,0.217043188,0.214627965,0.212340603,0.210169785,0.208106541,0.206163636,0.204345828,0.202567193,0.200961296,0.199376375,0.1978122,0.196275725,0.194823761,0.19339,0.19203465,0.190697067,0.189422891,0.188171568
50,-1.5,0.43,0.425692648,0.401441617,0.380400978,0.362278731,0.347041046,0.334093527,0.322955255,0.313229512,0.304684896,0.297103596,0.290245779,0.284085979,0.278491724,0.273382377,0.26864335,0.26424165,0.260157048,0.256344735,0.252771045,0.249412756,0.246252467,0.243274589,0.240467061,0.237816822,0.235307965,0.232923906,0.230649118,0.228493827,0.226464477,0.224476023,0.222678932,0.220903111,0.219148431,0.217423109,0.21579343,0.214182485,0.212661405,0.211158891,0.209728955,0.208323877
60,-2,0.43,0.43,0.413355438,0.395964065,0.380126592,0.366213489,0.353972692,0.343195902,0.333646501,0.325123075,0.317476263,0.310508552,0.30420862,0.298455305,0.293172777,0.288256681,0.283678264,0.279413063,0.275405803,0.271628774,0.2680725,0.264731597,0.261597201,0.258655133,0.255881514,0.253245484,0.250719753,0.248283347,0.245948878,0.243745879,0.241585967,0.239647156,0.237729116,0.235831829,0.233965032,0.232206439,0.23046635,0.228825883,0.227204069,0.225661616,0.224145124
70,-2.5,0.43,0.43,0.423428932,0.406513401,0.39249766,0.380005133,0.368658226,0.358454429,0.349260648,0.340925679,0.333388587,0.326459758,0.320138162,0.314339531,0.308992177,0.304011077,0.299358865,0.294984591,0.290828043,0.286899327,0.283222318,0.279801797,0.2766182,0.273637564,0.270802945,0.268064014,0.265393682,0.262787737,0.260278388,0.257932231,0.255631361,0.253587543,0.251563404,0.249559042,0.247585393,0.245729027,0.243890475,0.242156362,0.24044054,0.238808479,0.237202852
80,-3,0.43,0.43,0.43,0.415145644,0.401636612,0.39029679,0.379954762,0.370375916,0.361637415,0.353605697,0.346268162,0.339446182,0.333201669,0.327441686,0.322087007,0.317113445,0.31245278,0.307996216,0.303707779,0.299679327,0.295971526,0.292573585,0.289419823,0.286440738,0.283542293,0.28067586,0.277836743,0.275053661,0.272385072,0.269925604,0.267512488,0.265385893,0.263277572,0.261187744,0.259127958,0.257189012,0.255267014,0.253450611,0.251651946,0.249942043,0.248259061
90,-3.5,0.43,0.43,0.43,0.42814826,0.40847836,0.39793549,0.388900639,0.380041381,0.371624421,0.363983216,0.356916689,0.350200888,0.344108983,0.338404546,0.333148257,0.328296475,0.323627272,0.31899676,0.314575657,0.310569704,0.306998826,0.303757382,0.300684322,0.29768115,0.294664621,0.291628944,0.288596339,0.285620636,0.282794365,0.280239288,0.27773078,0.275532265,0.273350507,0.271185843,0.269049778,0.267032054,0.265030411,0.263132823,0.261252395,0.259469609,0.257714872
30,0,0.43,0.236785053,0.203157131,0.185202267,0.173276553,0.164550682,0.157783474,0.1523063,0.147726588,0.143832626,0.140465416,0.137485668,0.134853638,0.132496982,0.130370158,0.128418669,0.126623092,0.124969216,0.123438193,0.122015153,0.120687963,0.119446027,0.118279496,0.117181216,0.116144555,0.115163754,0.114233868,0.113351506,0.112522162,0.11174902,0.110994909,0.110315817,0.109647376,0.108989368,0.10834455,0.107736189,0.107136759,0.1065705,0.106012731,0.105481594,0.10496076
40,-0.5,0.43,0.381696809,0.337147127,0.308197018,0.287666627,0.272166463,0.259918772,0.249877167,0.241398714,0.234139169,0.227827237,0.222212628,0.217236827,0.212767829,0.208724018,0.205003204,0.201571026,0.198403992,0.195467306,0.1927335,0.190180209,0.187787901,0.185538255,0.183418178,0.181415505,0.179519577,0.177721125,0.176013686,0.174408509,0.172911407,0.171449167,0.170132274,0.168834441,0.167555368,0.166300609,0.165116234,0.163948105,0.162844317,0.161756157,0.160719693,0.159702657
50,-1,0.43,0.412471147,0.38073356,0.35506693,0.33488862,0.318782084,0.305590699,0.294511005,0.284996569,0.27674884,0.269508204,0.263014506,0.257222743,0.251992021,0.247236797,0.242843095,0.238775267,0.235010947,0.231510576,0.228242648,0.225182124,0.222307787,0.219599976,0.217044883,0.214629653,0.21234222,0.210171289,0.208107913,0.206164869,0.20434695,0.202568209,0.200962256,0.19937728,0.197813052,0.196276526,0.194824531,0.193390738,0.19203537,0.190697769,0.189423582,0.188172249
60,-1.5,0.43,0.425719036,0.401452301,0.380402624,0.362282115,0.34703773,0.334087476,0.322942756,0.31322235,0.304681959,0.297098286,0.290237872,0.28407916,0.278487354,0.273379904,0.268642193,0.264241291,0.260156924,0.256344362,0.252770243,0.249411653,0.246251385,0.243273905,0.240467058,0.237817544,0.235309223,0.232925399,0.230650551,0.228494962,0.226465308,0.22447657,0.222679334,0.220903371,0.219148553,0.217423103,0.215793355,0.214182343,0.212661238,0.2111587,0.209728763,0.208323686
70,-2,0.43,0.43,0.413354772,0.395962386,0.380121112,0.366209927,0.353972941,0.343196898,0.333645423,0.325120997,0.317476448,0.310509138,0.30420677,0.298451205,0.293168843,0.288254402,0.283677418,0.279411836,0.275402562,0.271623461,0.268066278,0.264726055,0.261593669,0.258654323,0.25588307,0.253248383,0.250722913,0.248286109,0.245950922,0.243747404,0.241587006,0.23964797,0.23772971,0.235832207,0.233965209,0.232206497,0.230466293,0.228825767,0.227203897,0.225661424,0.224144918
80,-2.5,0.43,0.43,0.423430815,0.40651827,0.392541576,0.379981993,0.368678059,0.358470739,0.349276845,0.340949655,0.333407987,0.326471705,0.3201512,0.314356209,0.309004044,0.304014961,0.299359017,0.294988751,0.290838081,0.286910821,0.283229478,0.279801157,0.27661036,0.273625637,0.270791779,0.26805696,0.265391436,0.262788527,0.260279884,0.257933471,0.255632359,0.253588406,0.251564133,0.249559641,0.247585873,0.245729482,0.243890904,0.242156802,0.240440991,0.238808933,0.237203309
90,-3,0.43,0.43,0.43,0.415205354,0.401408784,0.390168913,0.379919409,0.370458747,0.361635058,0.353603252,0.346271692,0.339434429,0.33317558,0.327408078,0.322072167,0.317114539,0.312447978,0.30797072,0.303674232,0.299653815,0.29596034,0.292573912,0.289423594,0.286440946,0.283537711,0.280669809,0.277832577,0.275051926,0.272384795,0.269925631,0.267512787,0.265386177,0.263277843,0.261188,0.259128198,0.257189224,0.255267198,0.253450764,0.251652068,0.24994212,0.248259091
40,0,0.43,0.236819839,0.203171923,0.185207278,0.173277724,0.164550784,0.157783464,0.152306816,0.147727653,0.143834018,0.140466992,0.137487369,0.134855427,0.132498829,0.130372029,0.128420536,0.126624927,0.124970991,0.123439883,0.122016743,0.120689444,0.1194474,0.11828077,0.117182406,0.116145676,0.115164821,0.114234892,0.113352494,0.112523118,0.111749944,0.110995802,0.110316678,0.109648205,0.108990167,0.108345319,0.107736928,0.10713747,0.106571184,0.106013388,0.105482225,0.104961366
50,-0.5,0.43,0.381720499,0.337128713,0.308190297,0.287666354,0.272168441,0.259921388,0.249879783,0.241401186,0.234141484,0.227829436,0.222214762,0.217238862,0.212769667,0.208725611,0.205004571,0.201572214,0.198405068,0.195468332,0.192734522,0.190181259,0.187788995,0.185539396,0.183419359,0.181416715,0.179520801,0.177722349,0.176014897,0.174409693,0.172912554,0.171450279,0.17013335,0.168835481,0.167556372,0.166301579,0.165117172,0.163949012,0.162845194,0.161757005,0.160720514,0.159703453
60,-1,0.43,0.412491341,0.380730835,0.35506916,0.334889664,0.318779372,0.305587663,0.29450461,0.284990515,0.276745134,0.269505287,0.263011113,0.257219036,0.251988645,0.247234049,0.242841037,0.238773861,0.235010048,0.231509969,0.228242148,0.225181629,0.222307281,0.219599518,0.217044557,0.214629527,0.212342317,0.210171586,0.208108345,0.206165352,0.204347413,0.202568652,0.200962655,0.199377636,0.197813366,0.1962768,0.194824767,0.193390938,0.192035543,0.190697916,0.18942371,0.18817236
70,-1.5,0.43,0.425743284,0.401448155,0.380399127,0.362275939,0.347035073,0.334086057,0.32294289,0.313222053,0.304680707,0.297097633,0.290238033,0.284078917,0.278485917,0.273377762,0.268640158,0.264239833,0.260155872,0.256343064,0.252768248,0.249408928,0.24624826,0.243270955,0.240464844,0.237816406,0.235309182,0.232926245,0.230651943,0.22849651,0.226466754,0.224477908,0.222680493,0.220904355,0.219149365,0.217423749,0.21579385,0.21418269,0.212661473,0.211158826,0.209728813,0.208323668
80,-2,0.43,0.43,0.41333949,0.395955218,0.380127736,0.366208662,0.353974322,0.3432132,0.333654826,0.325134026,0.317490817,0.310519879,0.304215246,0.298460716,0.293177543,0.288259834,0.283679507,0.279413234,0.27540588,0.271628829,0.268071991,0.264729963,0.261594286,0.258651237,0.255877499,0.253242285,0.250717957,0.248282928,0.245949401,0.243746688,0.241587026,0.239648135,0.237730016,0.235832651,0.233965775,0.232207071,0.230466872,0.228826318,0.227204418,0.225661907,0.224145363
90,-2.5,0.43,0.43,0.423431062,0.406484723,0.392374501,0.379941879,0.368634465,0.358522306,0.349288526,0.340945545,0.333409919,0.32646865,0.320137606,0.314335271,0.3089892,0.304010554,0.299358268,0.294980661,0.290821399,0.286891828,0.283214663,0.279793617,0.276608835,0.273627,0.270792531,0.26805566,0.265388508,0.262785208,0.260277184,0.25793142,0.255630915,0.253587246,0.251563252,0.249559033,0.247585522,0.245729269,0.243890828,0.242156792,0.240441045,0.238809018,0.237203418
50,0,0.43,0.236885181,0.203195926,0.18522049,0.173286694,0.164557432,0.157788623,0.152310923,0.147730993,0.143836792,0.140469343,0.137489398,0.134857201,0.132500376,0.130373373,0.128421701,0.126625938,0.124971879,0.123440675,0.12201746,0.120690105,0.119448019,0.118281356,0.117182966,0.116146215,0.115165341,0.114235393,0.113352977,0.112523583,0.111750393,0.110996235,0.110317096,0.109648609,0.108990557,0.108345696,0.107737293,0.107137823,0.106571525,0.106013719,0.105482546,0.104961678
60,-0.5,0.43,0.381719649,0.337119263,0.30819139,0.287669671,0.272170233,0.259921715,0.249877869,0.241397907,0.234138014,0.227826106,0.222211498,0.217235695,0.21276674,0.208723032,0.20500239,0.201570453,0.198403713,0.195467332,0.192733816,0.190180788,0.187788717,0.185539284,0.183419398,0.181416896,0.179521114,0.17772278,0.176015425,0.174410287,0.17291318,0.171450932,0.170133994,0.168836118,0.167557002,0.1663022,0.165117775,0.163949597,0.162845756,0.161757544,0.160721029,0.159703942
70,-1,0.43,0.412503553,0.380723442,0.355064444,0.334884485,0.318776134,0.305585912,0.294504335,0.284990759,0.276745085,0.269505108,0.263011087,0.257219037,0.251988338,0.247233364,0.242840141,0.238772953,0.235009226,0.231509151,0.228241203,0.225180474,0.22230592,0.219598055,0.217043139,0.214628316,0.212341428,0.210171071,0.208108188,0.206165483,0.204347707,0.202569091,0.200963104,0.199378096,0.197813835,0.196277274,0.194825208,0.193391346,0.1920359,0.190698223,0.189423963,0.18817256
80,-1.5,0.43,0.425756505,0.401439476,0.380388486,0.362270027,0.347041257,0.334083422,0.322951203,0.313230615,0.304688986,0.29710649,0.290246014,0.284085417,0.278492089,0.27338373,0.268645125,0.264243266,0.260158093,0.256345074,0.252770706,0.249411861,0.24625121,0.243273205,0.240465784,0.237815845,0.2353074,0.232923781,0.23064937,0.228494329,0.226465063,0.22447668,0.222679548,0.220903688,0.219148969,0.217423607,0.215793869,0.214182867,0.212661733,0.211159165,0.209729185,0.208324065
90,-2,0.43,0.43,0.413334517,0.39591354,0.380000071,0.366173458,0.353940793,0.343233868,0.333674874,0.325134097,0.317489056,0.310519052,0.304210487,0.298450217,0.293166521,0.288252794,0.283676693,0.279410656,0.275399989,0.271619519,0.268061263,0.264720179,0.261587031,0.258647081,0.255875626,0.253241439,0.250717178,0.248281879,0.245948077,0.243745403,0.241585793,0.239647115,0.237729204,0.235832044,0.233965368,0.232206865,0.230466864,0.228826471,0.227204729,0.225662336,0.2241459
60,0,0.43,0.236897203,0.203198226,0.185223281,0.17328971,0.164559962,0.157790553,0.152311999,0.147731338,0.143836687,0.14046894,0.137488749,0.134856364,0.132499423,0.130372366,0.128420681,0.126624938,0.12497092,0.123439767,0.122016605,0.120689303,0.119447269,0.118280659,0.117182321,0.116145623,0.115164801,0.114234906,0.113352538,0.112523188,0.111750033,0.110995908,0.110316793,0.109648329,0.108990299,0.10834546,0.107737074,0.10713762,0.106571336,0.106013543,0.105482381,0.104961524
70,-0.5,0.43,0.381718025,0.337110863,0.308185843,0.287666233,0.272168205,0.259920717,0.249877768,0.241398372,0.234138645,0.227826727,0.222212085,0.217236202,0.212767075,0.208723144,0.205002298,0.201570198,0.198403339,0.195466852,0.192733224,0.190180078,0.187787894,0.18553837,0.183418428,0.181415915,0.179520167,0.177721902,0.176014638,0.174409608,0.172912602,0.17145045,0.170133579,0.168835767,0.167556713,0.166301971,0.165117591,0.163949455,0.162845645,0.161757463,0.160720969,0.159703902
80,-1,0.43,0.412509202,0.380716922,0.355052712,0.334877095,0.318779779,0.305586374,0.294506927,0.284995177,0.276750448,0.26951121,0.263017333,0.257224801,0.251993637,0.24723828,0.242844523,0.238776617,0.235012135,0.231511519,0.22824329,0.225182447,0.222307807,0.219599752,0.217044493,0.214629189,0.212341769,0.21017092,0.208107666,0.206164764,0.204346954,0.202568315,0.200962396,0.199377454,0.197813259,0.196276763,0.194824772,0.193390984,0.192035603,0.190697991,0.189423784,0.18817243
90,-1.5,0.43,0.425760292,0.40143674,0.38035708,0.362184639,0.346994654,0.33406179,0.322952656,0.313244712,0.304696066,0.297107579,0.290245209,0.284083467,0.278487656,0.273377462,0.268638828,0.264238154,0.260153971,0.256340739,0.252765395,0.249405548,0.246244405,0.243266712,0.24046033,0.237811804,0.235304768,0.23292234,0.23064881,0.228494309,0.226465342,0.224477236,0.222680217,0.220904467,0.219149855,0.217424594,0.215794911,0.214183963,0.212662851,0.211160305,0.209730327,0.208325206
70,0,0.43,0.236903002,0.203197926,0.185221506,0.173287755,0.164558144,0.157788997,0.152310767,0.147730396,0.143835949,0.140468344,0.137488266,0.134855962,0.132499065,0.130372021,0.128420337,0.126624592,0.124970572,0.123439412,0.122016237,0.120688917,0.119446861,0.118280231,0.117181877,0.116145172,0.115164351,0.114234464,0.113352112,0.112522782,0.11174965,0.110995548,0.110316453,0.109648008,0.108989997,0.108345176,0.107736806,0.107137368,0.106571097,0.106013318,0.105482167,0.104961321
80,-0.5,0.43,0.381717155,0.337105786,0.308175953,0.287658059,0.272166302,0.259921385,0.249880235,0.241402146,0.234143175,0.227831704,0.222217229,0.217241204,0.212771791,0.208727513,0.205006259,0.201573689,0.198406323,0.19546936,0.192735318,0.190181823,0.187789335,0.185539529,0.183419311,0.181416515,0.179520485,0.177721949,0.176014445,0.174409222,0.172912088,0.171449818,0.170132907,0.168835056,0.167555965,0.166301189,0.165116801,0.163948659,0.162844859,0.161756688,0.160720213,0.159703168
90,-1,0.43,0.412510734,0.380714979,0.355033622,0.334827048,0.318729613,0.305561979,0.294501921,0.2850028,0.276759087,0.269515645,0.263017507,0.257221975,0.25198877,0.247232331,0.242838477,0.238771313,0.235008014,0.231508464,0.228240998,0.22518064,0.222306317,0.219598536,0.217043575,0.214628621,0.212341578,0.210171097,0.20810816,0.206165493,0.204347811,0.202569286,0.200963372,0.199378435,0.197814243,0.196277747,0.194825723,0.193391903,0.19203647,0.190698805,0.189424537,0.188173121
80,0,0.43,0.2369053,0.203197203,0.185217538,0.173282936,0.164554522,0.157786386,0.152309079,0.147729537,0.143835762,0.140468705,0.137489054,0.134857049,0.132500356,0.130373448,0.128421847,0.126626135,0.124972105,0.123440913,0.122017695,0.120690325,0.119448215,0.118281525,0.117183104,0.116146323,0.115165422,0.114235451,0.113353016,0.112523609,0.11175041,0.110996244,0.110317101,0.10964861,0.108990555,0.108345691,0.107737285,0.107137813,0.106571514,0.106013707,0.105482533,0.104961664
90,-0.5,0.43,0.381716922,0.337104347,0.308166644,0.287632318,0.272128399,0.259889011,0.24985909,0.241392927,0.234142407,0.227835467,0.222223096,0.217247417,0.212777376,0.208732009,0.205009617,0.201576015,0.198407783,0.195470088,0.192735413,0.190181369,0.187788419,0.185538242,0.183417744,0.181414759,0.179518617,0.177720035,0.176012532,0.174407356,0.172910297,0.171448101,0.170131272,0.168833502,0.16755449,0.16629979,0.165115476,0.163947406,0.162843672,0.161755566,0.16071915,0.15970216
90,0,0.43,0.236905882,0.203196964,0.185214405,0.173273635,0.164538733,0.157768952,0.152292833,0.147715878,0.143824763,0.140459861,0.137481878,0.134851079,0.132495235,0.130368913,0.128417756,0.12662239,0.12496864,0.123437675,0.122014641,0.120687421,0.119445434,0.118278852,0.11718053,0.116143843,0.115163035,0.114233156,0.113350811,0.112521494,0.111748381,0.110994299,0.110315233,0.109646818,0.108988835,0.108344041,0.107735702,0.107136294,0.106570054,0.106012305,0.105481185,0.104960368
